title;id_prefix;id_suffix;coordinates;changed;elter_category
"Aamotsdalen - Norway";www.deims.org;266eedce-b67c-4935-a7b7-4dc3c169c902;"POINT (9.41667 62.4667)";2021-11-23;elter_count
"Abisko Scientific Research Station - Sweden";www.deims.org;64679f32-fb3e-4937-b1f7-dc25e327c7af;"POINT (18.8167 68.3483)";2021-11-23;elter_count
"Achenkirch-Mühleggerköpfl (ACH-Mue) - Austria";www.deims.org;d2e91d98-4970-4d71-8d76-d8164542b694;"POINT (11.6392 47.5806)";2021-11-23;elter_count
"Acquatina - Italy";www.deims.org;8e1909ae-afc0-4207-9314-68e234d57405;"POINT (18.24 40.44)";2021-12-14;elter_count
"Agricultural Research and Education Centre Raumberg-Gumpenstein - Austria";www.deims.org;11aff5a6-d464-40fa-b218-fcad8f57c81f;"POINT (14.098118 47.495763)";2021-11-23;elter_count
"AgroScapeLab Quillow (ZALF) - Germany";www.deims.org;270a41c4-33a8-4da6-9258-2ab10916f262;"POINT (13.8 53.36)";2022-07-05;elter_count
"Aiguestortes / Lleida (ES-SNE) - Spain";www.deims.org;cf8247a0-e3d7-499f-84a9-3b2d1215fe06;"POINT (0.933 42.616)";2022-02-16;elter_count
"Alice Holt - United Kingdom";www.deims.org;d47ec839-5d20-4315-9f88-1e9edbab22e8;"POINT (-0.85 51.1833)";2022-07-18;elter_count
"Alimini - Italy";www.deims.org;765cad42-25da-4893-b4cc-eb1f393b4b47;"POINT (18.441 40.202)";2021-12-14;elter_count
"Allt a'Mharcaidh - United Kingdom";www.deims.org;b7f692ef-10b0-432e-ab42-a3e9b764c5cc;"POINT (-3.86667 57.1167)";2021-11-23;elter_count
"ALPFOR - Switzerland";www.deims.org;c1a298f7-e53d-42a5-8fd0-29088bed4439;"POINT (8.42143 46.5765)";2022-04-05;elter_count
"Alptal - Switzerland";www.deims.org;9e1c8ec8-a407-426a-8410-05180b96e75a;"POINT (8.7125782 47.0486366)";2022-04-05;elter_count
"Alptal-Nitrogen-addition - Switzerland";www.deims.org;a8b05bd1-2fb0-422f-8b99-4e18f180395e;"POINT (8.713 47.044)";2021-11-23;elter_sub
"Aneboda, IM-site SE14 - Sweden";www.deims.org;9dd45aa6-ed7a-49d2-bea4-7750351c55d0;"POINT (14.554 57.105)";2021-12-03;elter_sub
"Appennino centrale: Gran Sasso d'Italia - Italy";www.deims.org;c0738b00-854c-418f-8d4f-69b03486e9fd;"POINT (13.55 42.44)";2021-12-14;elter_count
"Appennino centrale: Velino-Duchessa - Italy";www.deims.org;12c79ecb-7890-4b75-9655-0883dacd8a29;"POINT (13.35 42.17)";2021-12-14;elter_count
"Appennino centro-meridionale: Majella-Matese - Italy";www.deims.org;c85fc568-df0c-4cbc-bd1e-02606a36c2bb;"POINT (14.25 41.81)";2021-12-14;elter_count
"Appennino settentrionale - Italy";www.deims.org;a9bed11f-a08d-45f7-b3fe-8f549bfdca23;"POINT (10.470749 44.223141)";2021-12-14;elter_count
"Arava Platform (ARV) - Israel";www.deims.org;07736d90-a399-4e0c-9cce-9e676ee227a4;"POINT (35.1514 30.4169)";2021-12-02;elter_count
"Arctic-alpine tundra - Czechia";www.deims.org;48660128-e478-42a4-91f8-b83a8735ba50;"POINT (15.5398 50.7666)";2021-11-23;elter_count
"Asa Research Station - Sweden";www.deims.org;13b28889-ed32-495a-9bb6-a0886099e6d9;"POINT (14.782713 57.164325)";2021-11-23;elter_count
"Asko Laboratory, Himmerfjarden, Stockholm University Baltic Sea Centre (LTER) - Sweden";www.deims.org;c47d3056-6778-40d8-936f-a508eff015be;"POINT (17.599 58.8382)";2021-11-23;elter_count
"Aukstaitija Integrated Monitoring Station - Lithuania";www.deims.org;fad7f221-25f3-4286-a1b3-43a5f010a3e3;"POINT (26.03 55.26)";2021-12-14;elter_count
"Avdat (AVD) - Israel";www.deims.org;fcc28bb3-551a-4396-819c-0589abc6be6f;"POINT (34.7667 30.7833)";2021-11-23;elter_count
"Bab - Slovakia";www.deims.org;79e10639-dd60-4f30-9c43-7b2bae0f359a;"POINT (17.8886 48.3033)";2022-03-23;elter_count
"Babiogórski National Park - Poland";www.deims.org;fd772b76-45ae-46e8-9645-f40b2af6d989;"POINT (19.5303 49.6044)";2021-11-23;elter_count
"Baelen - Belgium";www.deims.org;5322912e-bd69-4cda-91b7-e7a9e45c782a;"POINT (6.106944 50.585)";2021-12-03;elter_count
"Baileux - La Sormone - Belgium";www.deims.org;1146f704-4085-4081-9d29-8f2e178fb9dd;"POINT (4.402202 50.025461)";2021-11-23;elter_count
"Balaton LTSER - Hungary";www.deims.org;30e906bb-7ed6-4fee-8ae9-539db55dfd35;"POINT (17.7 46.8333)";2021-11-23;elter_count
"Beatenberg - Switzerland";www.deims.org;f6a6b3e0-9a39-4fe3-8ae5-24d833b8ad26;"POINT (7.7623374 46.7003438)";2022-04-05;elter_count
"Belasitsa - Bulgaria";www.deims.org;7b0fab75-c658-453b-b4cb-67eb6e88d161;"POINT (23.1341 41.3664)";2021-12-20;elter_count
"Belgian coastal waters and sand bank systems - Belgium";www.deims.org;e83a90a3-2fb4-49bc-8991-a1d5b017ae19;"POINT (2.704444 51.464833)";2021-11-23;elter_count
"Bergslagen (LTSER platform) - Sweden";www.deims.org;0a60111e-c8d6-4850-9805-dc5283f9d691;"POINT (14 60)";2021-11-23;elter_count
"Beskydy natural forests - Czechia";www.deims.org;cdda5581-80f7-4c9c-92c9-9d068404d8be;"POINT (18.5222 49.4486)";2021-11-23;elter_count
"Bettlachstock - Switzerland";www.deims.org;c30ed2e5-41b0-4f2b-992c-2bd96b3cdba1;"POINT (7.4166536 47.2251551)";2022-04-05;elter_count
"Beverbeek - Belgium";www.deims.org;23e9165c-76f7-447e-9713-1dc8c45f2253;"POINT (5.5242 51.2781)";2022-05-31;elter_count
"Bily Kriz - Czechia";www.deims.org;a61dd7df-5fd7-47b4-8172-b7dfaf969748;"POINT (18.5368725 49.5020972)";2021-11-23;elter_count
"Biologische Station Neusiedler See - Austria";www.deims.org;4aa7c073-58ce-4b63-8aee-5b468c297438;"POINT (16.765909 47.768868)";2021-12-14;elter_count
"Birnie Burn - United Kingdom";www.deims.org;8747ccf7-52af-4a83-a558-71a768b81a30;"POINT (-2.55 56.9)";2022-07-18;elter_count
"Black Sea - Bulgaria";www.deims.org;f4193165-b4de-4dc0-a5bd-7f051be25884;"POINT (27.9339 43.1861)";2021-11-23;elter_count
"Boergefjell - Norway";www.deims.org;0c1221cf-5e37-4a40-bcee-a2d85dc8969f;"POINT (13.815 65.061)";2021-11-23;elter_count
"Boknis Eck Time Series Station (SW Baltic Sea) - Germany";www.deims.org;297379be-681f-4368-be0b-6b534de72cd8;"POINT (10.04167 54.51667)";2021-11-23;elter_count
"Bornhoeved Lake District - Germany";www.deims.org;2aedc444-7007-4d07-877c-0abf528b0ecd;"POINT (10.24 54.099)";2021-12-03;elter_count
"Borovec - Slovenia";www.deims.org;d5544ca4-8400-4553-b7f8-9728c358f03a;"POINT (14.787981 45.544073)";2021-12-03;elter_count
"Bosco Fontana - Italy";www.deims.org;0585b394-faf2-4850-913f-6351aace73e4;"POINT (10.744 45.2009)";2021-12-14;elter_count
"Bosland - Belgium";www.deims.org;a76adcb2-88ec-448e-94a4-bbf43b47c9b0;"POINT (5.3088 51.1651)";2021-11-23;elter_count
"Bradgate Brook - United Kingdom";www.deims.org;b9263e0a-7072-4959-b255-e05d54455834;"POINT (-1.21667 52.6833)";2021-11-23;elter_count
"Braila Islands - Romania";www.deims.org;d4854af8-9d9f-42a2-af96-f1ed9cb25712;"POINT (28.0023 44.9624)";2022-03-08;elter_count
"Brasschaat - De Inslag - Belgium";www.deims.org;68e6a8e5-d6d2-4c8c-91c4-10e7f87ac556;"POINT (4.51972 51.3078)";2022-04-29;elter_count
"Brdo - Slovenia";www.deims.org;7e3d1406-6c22-43eb-bf85-e704e3c5a70b;"POINT (14.402911 46.28778)";2021-12-03;elter_count
"Brenna - Poland";www.deims.org;0ff5485d-4436-4153-b6fb-d6eac9c9dd23;"POINT (18.9371 49.6604)";2021-11-23;elter_count
"Bucegi-Piatra Craiului National Park - Romania";www.deims.org;4050c5c8-fccc-4a3c-af65-7507a064d5f5;"POINT (25.3333 45.4333)";2021-11-23;elter_count
"Bugac-Bocsa-Orgovany Site, KISKUN LTER - Hungary";www.deims.org;609e5959-8cd8-44a0-ab42-eda521cd452a;"POINT (19.5281 46.7183)";2021-11-23;elter_count
"Burnsmuir & the Cairngorms LTSER platform - United Kingdom";www.deims.org;7cca1b16-8bd7-40ab-b5a1-0e8ef03c40c2;"POINT (-3.4598 56.5149)";2021-11-23;elter_count
"Cairngorms (ECN site) - United Kingdom";www.deims.org;5a04fee1-42aa-47e9-abfc-043a3eda12ac;"POINT (-3.81667 57.1)";2021-11-23;elter_count
"Cairngorms National Park LTSER - United Kingdom";www.deims.org;1b94503d-285c-4028-a3db-bc78e31dea07;"POINT (-3.6667 57.0833)";2021-12-27;elter_count
"Celerina - Switzerland";www.deims.org;8cb52b19-4720-4212-90f0-599375219c5b;"POINT (9.8888024 46.4921451)";2022-04-05;elter_count
"Cerknica Lake - Slovenia";www.deims.org;9026e5f2-af78-4610-8e8a-bd73466da65c;"POINT (14.222 45.4459)";2021-11-23;elter_count
"Certoryje-Vojsicke Louky meadows - Czechia";www.deims.org;4c8082f9-1ace-4970-a603-330544f22a23;"POINT (17.4261 48.8542)";2021-11-23;elter_count
"Chimay - Belgium";www.deims.org;3405b268-4c07-42d1-af5d-f10df316cbd8;"POINT (4.280278 50.115556)";2021-12-03;elter_count
"Chironico - Switzerland";www.deims.org;b8c789be-5fa5-42cc-b280-6e1a2b73639b;"POINT (8.812172 46.4468172)";2022-04-05;elter_count
"Cime Bianche (IT19 Aosta Valley) - Italy";www.deims.org;0cbb0b0f-7a42-424c-bb78-c68dd50b7915;"POINT (7.69 45.92)";2021-12-14;elter_count
"City of Frankfurt - habitat mapping - Germany";www.deims.org;18e01567-10cf-42ce-b056-3b34a96933cc;"POINT (8.677139 50.105607)";2021-11-23;elter_count
"Climate-Ecological Observatory for Arctic Tundra - Norway";www.deims.org;be87da94-3fb1-4a1d-9c23-0180eab626e4;"POINT (26.916503 70.53039)";2022-02-11;elter_count
"Climate-Ecological Observatory for Arctic Tundra: Svalbard - Svalbard and Jan Mayen";www.deims.org;fd49a15f-53b4-444b-8fbf-9ea07c29103d;"POINT (15.67796 78.21557)";2022-02-11;elter_sub
"Climate-Ecological Observatory for Arctic Tundra: Varanger - Norway";www.deims.org;6e56765d-1683-4309-9002-7de21d4f4b6e;"POINT (30 70.3)";2022-02-11;elter_sub
"Coastal Deciduous Forests North-Eastern Germany - Germany";www.deims.org;27aa5f5b-01f0-4855-83f7-4a24cff1fb8d;"POINT (13.466394 54.071408)";2021-11-23;elter_count
"Collelongo-Selva Piana ABR1 - Italy";www.deims.org;9b1d144a-dc37-4b0e-8cda-1dda1d7667da;"POINT (13.5881 41.8494)";2021-12-14;elter_count
"Colognole TOS1 - Italy";www.deims.org;fdd9b462-d2a9-441a-80a1-f4e8947f5577;"POINT (10.4386 43.5094)";2021-12-14;elter_count
"Companhia das Lezírias - Portugal";www.deims.org;ef87d551-9bae-467f-9c5d-b538b8206b0b;"POINT (-8.81871 38.8376)";2021-12-14;elter_sub
"Comune Fontainemore, Riserva Naturale Mont Mars (MARS) - Italy";www.deims.org;46a11350-4bd3-4f97-874f-bfc012305633;"POINT (7.8605 45.6487)";2021-12-14;elter_count
"Conwy - United Kingdom";www.deims.org;2eac4a5e-c339-47cf-9371-8f2b0cd8f175;"POINT (-3.8 53.1)";2021-11-23;elter_count
"Cringle Brook - United Kingdom";www.deims.org;b1aee838-903a-438f-8d6a-d81b5073849b;"POINT (-0.63333 52.8333)";2021-11-23;elter_count
"Damma Glacier - Switzerland";www.deims.org;923ac7c3-8edd-4dff-8842-e0bb400d9098;"POINT (8.462796 46.640283)";2021-11-23;elter_count
"Danube Delta Biosphere Reserve - Romania";www.deims.org;cdf8ba96-4a30-4eb7-96cc-1c81e8320989;"POINT (29.343232 45.202807)";2021-11-23;elter_count
"Darss-Zingst Bodden - Germany";www.deims.org;49edf45b-de80-49b7-9fa7-2b5e81815cb9;"POINT (12.7 54.4333)";2021-11-23;elter_count
"Davos Seehornwald - Switzerland";www.deims.org;a547dab2-859a-414c-b148-0e7df8de5773;"POINT (9.8552112 46.8153458)";2022-04-05;elter_count
"Delta del Po e Costa Romagnola - Italy";www.deims.org;6869436a-80f4-4c6d-954b-a730b348d7ce;"POINT (12.46897 44.7505)";2022-02-08;elter_count
"Devin thermophilous woods - Czechia";www.deims.org;9764b567-94cd-444b-adcb-5e6bc84435aa;"POINT (16.65 48.8667)";2021-11-23;elter_count
"DFG Exploratories for large-scale and long-term functional biodiversity research - Germany";www.deims.org;c30b3989-2703-4d99-87e2-273272558176;"POINT (11.2117 50.8675)";2021-11-23;elter_count
"DFG_Biodiversity_Exploratory_Hainich-Duen - Germany";www.deims.org;56c467e5-093f-4b60-b5cf-880490621e8d;"POINT (10.4762 51.158)";2021-11-23;elter_sub
"DFG_Biodiversity_Exploratory_Schorfheide-Chorin - Germany";www.deims.org;4d7b73d7-62da-4d96-8cb3-3a9a744ae1f4;"POINT (13.7695 53.0071)";2021-11-23;elter_sub
"DFG_Biodiversity_Exploratory_SchwaebischeAlb - Germany";www.deims.org;a51f9249-ddc8-4a90-95a8-c7bbebb35d29;"POINT (9.38938 48.4374)";2021-11-23;elter_sub
"Dijleland - Belgium";www.deims.org;7629b584-b8dd-4da5-a4ba-4175bb985673;"POINT (4.6872 50.8008)";2021-12-03;elter_count
"Dividalen - Norway";www.deims.org;35cddb94-0c01-45ea-96fc-351ace2e088d;"POINT (19.7833 68.7167)";2021-11-23;elter_count
"Dochamps - Belgium";www.deims.org;528b643b-c189-4947-9e3f-f474a9159d68;"POINT (5.619167 50.225)";2021-12-03;elter_count
"Doñana Long-Term Socio-ecological Research Platform - Spain";www.deims.org;bcbc866c-3f4f-47a8-bbbc-0a93df6de7b2;"POINT (-6.39 36.97)";2022-06-09;elter_count
"Doode Bemde - Belgium";www.deims.org;474916b5-8734-407f-9179-109083c031d8;"POINT (4.647222 50.816667)";2022-05-04;elter_sub
"Dovrefjell/Central Scandes (Code: NO-DOV) - Norway";www.deims.org;dc760cfe-e3b7-49e5-ab67-709848dc6d9d;"POINT (9.5 62.3333)";2021-11-23;elter_count
"Eastern Ligurian Sea - Italy";www.deims.org;56a6b13f-7c03-4bfa-ad4f-5f7e0f8189ca;"POINT (10 44)";2021-12-14;elter_count
"Endalen - Norway";www.deims.org;88eb341d-e055-4a4f-a23a-6ba7d883cbc4;"POINT (10.5 62.75)";2021-11-23;elter_count
"Erken Laboratory - Sweden";www.deims.org;2c560a19-85bb-4e3b-b41f-9f1d06c6e0d6;"POINT (18.6334 59.8352)";2021-11-23;elter_count
"Esthwaite Water - United Kingdom";www.deims.org;892c8613-4a21-40b5-a2e9-1036c63ca31f;"POINT (-2.98333 54.35)";2021-11-23;elter_count
"Ficuzza SIC1 - Italy";www.deims.org;ec2bba9a-365f-45d8-9e0d-229de0f41332;"POINT (13.4 37.9)";2021-12-14;elter_count
"Finokalia Atmospheric Observatory - Greece";www.deims.org;d16cc035-054d-4b0e-9e19-6e9ec10aecd0;"POINT (25.66975 35.337718)";2021-11-23;elter_count
"Foce Saccione-Bonifica Ramitelli (Campobasso) - Italy";www.deims.org;088fe3af-c5bb-4cc8-b479-fe1ea6d5be80;"POINT (15.0989 41.9283)";2022-07-27;elter_count
"Foce Trigno-Marina di Petacciato (Campobasso) - Italy";www.deims.org;1835cda2-b56d-400a-b413-ab5c74086dc5;"POINT (14.8336 42.0422)";2022-07-27;elter_count
"Fondek - Slovenia";www.deims.org;96adc9f8-190b-4a7c-be68-e51747d872a0;"POINT (13.747716 45.98945)";2021-12-03;elter_count
"FORBIO Gedinne - Belgium";www.deims.org;112a4e80-3907-4de5-ad03-a67b920d336d;"POINT (4.97689 49.99653)";2021-11-23;elter_count
"FORBIO Gedinne Gouverneurs - Belgium";www.deims.org;45d0b473-fa37-48d5-a72d-f2b32949278e;"POINT (4.98497 49.97614)";2021-11-23;elter_sub
"FORBIO Gedinne Gribelle - Belgium";www.deims.org;1a38bbe3-510d-4ee4-a67a-87dbde6b5c7b;"POINT (4.97689 49.99653)";2021-11-23;elter_sub
"FORBIO Hechtel-Eksel - Belgium";www.deims.org;aa86bc7b-55fd-414f-a605-b6e966911f31;"POINT (5.31167 51.165)";2021-11-23;elter_sub
"FORBIO Zedelgem - Belgium";www.deims.org;920734db-8b84-4740-8924-81a541897607;"POINT (3.12022 51.14772)";2021-11-23;elter_count
"Forest of Meerdaal - Belgium";www.deims.org;7050331b-5700-4398-9e5f-805e224202df;"POINT (4.65 50.8)";2021-11-23;elter_sub
"Fruska gora - Serbia";www.deims.org;f1c571d2-11e3-4072-ac66-073600ce152c;"POINT (19.672407 45.136538)";2022-04-21;elter_count
"Fuchsenbigl - Austria";www.deims.org;09f126be-39db-4db8-af41-ac13cd12e8ea;"POINT (16.7457 48.2001)";2021-11-23;elter_count
"Fundata-beech - Romania";www.deims.org;934255b2-82d5-4f52-81c2-9297208d3fbf;"POINT (25.2697 45.4331)";2021-12-03;elter_count
"Fürstenfeld (FF) - Austria";www.deims.org;27da6893-2a06-4385-a935-901cb2bbdf70;"POINT (16.0667 47.0833)";2021-11-23;elter_count
"Gameljne - Slovenia";www.deims.org;6934836e-57af-40f6-bfff-299c12a532a0;"POINT (14.486468 46.117339)";2021-11-23;elter_count
"Gammtratten, IM-site SE16 - Sweden";www.deims.org;27415652-8de8-40e7-92c1-f82526116a2d;"POINT (18.12 63.85)";2021-12-03;elter_count
"Gårdsjön, IM-site SE04 - Sweden";www.deims.org;c7f490fb-76a4-4d6c-ba3e-2fd2f33822ec;"POINT (12.0186 58.054)";2021-12-03;elter_sub
"Gesäuse National Park - Austria";www.deims.org;f475dd9a-968f-4640-bac4-1eac12987e67;"POINT (14.637 47.592)";2022-03-08;elter_count
"Gilat (GLT), LTSER Northen Negev - Israel";www.deims.org;f6fcfb89-8194-4aa1-b4b2-427bf6e00e54;"POINT (34.6667 31.3333)";2021-11-23;elter_count
"Glacial lakes - Czechia";www.deims.org;48642756-661e-4819-b9d7-38c3c040b65e;"POINT (13.8667 48.7833)";2021-11-23;elter_count
"Glensaugh - United Kingdom";www.deims.org;1c4d454d-0c00-49f9-a7fe-3a3e596c3648;"POINT (-2.55 56.9)";2022-07-18;elter_count
"GLORIA Master Site Schrankogel (AT-SCH), Stubaier Alpen - Austria";www.deims.org;6ae2f712-9924-4d9c-b7e1-3ddffb30b8f1;"POINT (11.098057 47.041162)";2021-11-23;elter_count
"Golfo dell'Asinara - Italy";www.deims.org;1c9f9148-e8dc-4b67-ac13-ce387c5a6a2f;"POINT (8.291 41.057)";2021-12-14;elter_count
"Golfo di Olbia - Italy";www.deims.org;3178d0fb-0789-4992-9c51-1ddb50b7e871;"POINT (9.58756 40.924)";2021-12-14;elter_count
"Golfo di Trieste - Italy";www.deims.org;96969205-cfdf-41d8-979f-ff881ea8dc8b;"POINT (13.71 45.7008)";2021-12-14;elter_count
"Golfo di Venezia - Italy";www.deims.org;758087d7-231f-4f07-bd7e-6922e0c283fd;"POINT (12.5 45.302)";2021-12-14;elter_count
"Gontrode - Aelmoeseneie Forest - Belgium";www.deims.org;4a469a86-868b-4160-b72e-10a1b4e09356;"POINT (3.80416 50.9753)";2022-04-29;elter_count
"Gossenköllesee - Austria";www.deims.org;6ba80086-3ecc-4dc6-ab2f-a225003f7ba4;"POINT (11.014779 47.229166)";2021-11-23;elter_count
"Gran Paradiso National Park - Italy";www.deims.org;e33c983a-19ad-4f40-a6fd-1210ee0b3a4b;"POINT (7.3061 45.5294)";2021-12-14;elter_count
"Grimsö Wildlife Research Station - Sweden";www.deims.org;ba81bcc6-8916-47f3-a54a-5ac8ebe1c455;"POINT (15.4723 59.7289)";2021-11-23;elter_count
"Gropajski bori - Slovenia";www.deims.org;a9a6346a-cfdd-4642-944c-7a5f55d5e447;"POINT (13.861909 45.670203)";2021-12-03;elter_count
"Gulf of Trieste - Slovenia";www.deims.org;f2ce5ae3-8873-4a8b-abad-d56d5d6da164;"POINT (13.549606 45.546825)";2021-11-23;elter_count
"Gutulia - Norway";www.deims.org;85f200be-f34a-49c2-b894-a0d0cb3c3b1e;"POINT (12.1667 62.0167)";2021-11-23;elter_count
"Heathland reserve De Zoom-Kalmthoutse heide - Belgium";www.deims.org;49f824b1-dd51-4bcc-b52a-619ec0d6d5bf;"POINT (4.25 51.24)";2021-11-23;elter_count
"Heia - Norway";www.deims.org;e86a7b7c-61d3-4590-ada7-8570cf8d5253;"POINT (10.8 59.36)";2021-11-23;elter_count
"Helgoland Roads - Germany";www.deims.org;1e96ef9b-0915-4661-849f-b3a72f5aa9b1;"POINT (7.9 54.18333333)";2021-11-23;elter_count
"Helsinki Metropolitan Area HMA-LTSER - Finland";www.deims.org;35e3775a-88bc-483f-aed0-b614ce7736e2;"POINT (24.9333 60.1667)";2021-11-23;elter_count
"Herdade da Coitadinha - Portugal";www.deims.org;e30b32bd-da6f-4adc-a40c-a92769340907;"POINT (-7.0396 38.1755)";2021-11-23;elter_count
"Herdade da Ribeira Abaixo - Portugal";www.deims.org;c887da3c-776c-4b42-a5be-7dd69c26f27b;"POINT (-8.57045 38.1069)";2021-11-23;elter_count
"Hickling Broad - United Kingdom";www.deims.org;a8715fd4-6280-4435-a8f1-fda1ddb7eac0;"POINT (1.56667 52.7333)";2021-11-23;elter_count
"Hillsborough - United Kingdom";www.deims.org;371c5259-6f38-4aa7-9517-c56f608c62cc;"POINT (-6.0667 54.45)";2022-06-09;elter_count
"Hirkjølen - Norway";www.deims.org;375e6a0d-4a91-4751-b2fd-aa442af5058e;"POINT (10.5833 61.7167)";2021-11-23;elter_count
"HOBE - the Danish hydrological observatory - Denmark";www.deims.org;ce71c6e9-6fcf-401a-9128-db4ac5a355b9;"POINT (9.320916 56.081214)";2021-12-02;elter_count
"Hochschwab (AT-HSW) GLORIA - Austria";www.deims.org;4ac03ec3-39d9-4ca1-a925-b6c1ae80c90d;"POINT (15.149292 47.62202)";2021-11-23;elter_count
"Hochwechsel (HW) - Austria";www.deims.org;f62d66a0-20b0-44d8-bced-58da139e338a;"POINT (15.9667 47.4833)";2021-11-23;elter_count
"Hotran - Norway";www.deims.org;2a59476e-29cb-4949-9adb-8740057690f6;"POINT (11.15 63.69)";2021-11-23;elter_count
"Hydrological Open Air Laboratory HOAL Petzenkirchen - Austria";www.deims.org;11864430-034e-44c0-adb0-cc34c2ecd167;"POINT (15.148333 48.154917)";2021-11-23;elter_count
"Hyytiälä SMEAR II LTER - Finland";www.deims.org;663dac80-211d-4c19-a356-04ee0da0f0eb;"POINT (24.295 61.8474)";2022-06-07;elter_count
"Ichtegem - Wijnendale Forest - Belgium";www.deims.org;5cdc558b-a0bc-4150-b8d1-8dd55870c7e8;"POINT (3.03722 51.0697)";2022-04-29;elter_count
"ICP_Forests_Austria, Jochberg (ICP_FO_AU17) - Austria";www.deims.org;0da4be08-87f8-41e2-a564-2cd2ccdb3da2;"POINT (12.41 47.33)";2021-12-03;elter_count
"ICP_Forests_Austria, Klausen-Leopoldsdorf (ICP_FO_AU09) - Austria";www.deims.org;bb472a51-f85f-4de0-8358-f21ecbe2a102;"POINT (16.05 48.12)";2021-12-03;elter_count
"ICP_Forests_Austria, Mondsee (ICP_FO_AU11) - Austria";www.deims.org;8a313716-ceed-4f41-8b0b-a8197bfc304a;"POINT (13.35 47.88)";2021-12-03;elter_count
"ICP_Forests_Austria, Murau (ICP_FO_AU16) - Austria";www.deims.org;580e2d1a-e45e-4b65-9962-1bdcc3d76ad3;"POINT (14.11 47.06)";2021-12-03;elter_count
"ICP_Forests_Austria, Mürzzuschlag (ICP_FO_AU15) - Austria";www.deims.org;f2dd51af-ad46-4710-bd5b-cac4b674b675;"POINT (15.66 47.63)";2021-12-03;elter_count
"ICP_Forests_Austria, Unterpullendorf (ICP_FO_AU2) - Austria";www.deims.org;2e80048a-3b38-4a25-9764-bd7c3d2c6a7d;"POINT (16.56 47.49)";2021-12-03;elter_count
"Illas Atlanticas / Pontevedra (ES-SNE) - Spain";www.deims.org;4240428e-0c36-47b7-bf49-666b99a4a183;"POINT (-8.88333 42.55)";2021-11-23;elter_count
"Isola di Pianosa - Italy";www.deims.org;29728230-1607-4143-a40d-1e6d27e383a8;"POINT (10.075131 42.584217)";2021-12-14;elter_count
"Isone - Switzerland";www.deims.org;06af0bf1-7ddf-40c8-b4b8-d3602c1f9599;"POINT (9.0080555 46.1248982)";2022-04-05;elter_count
"Istituto Scientifico Angelo Mosso (MOSSO) - Italy";www.deims.org;17210eba-d832-4759-89fa-9ff127cbdf6e;"POINT (7.872 45.877)";2021-12-14;elter_count
"IT01- Apennines - High elevation Ecosystems - Italy";www.deims.org;70b5c2bd-b0c3-4132-8988-f527893bfa42;"POINT (12.02 43.12)";2021-11-23;elter_descriptive
"IT02-Forests of the Alps - Italy";www.deims.org;ede67a31-079a-4db5-b3a2-83b22054c661;"POINT (11.5623 46.3879)";2021-11-23;elter_descriptive
"IT03-Forest of the Apennines - Italy";www.deims.org;a2e325b8-9aa2-4c1b-b74c-a2ce59149252;"POINT (14.258 41.0758)";2021-11-23;elter_descriptive
"IT04-Mediterranean forest - Italy";www.deims.org;5355f2c8-2f10-440d-9faf-72611855a259;"POINT (10.4273 43.519)";2021-12-03;elter_descriptive
"IT07-Lagoons of Po River Delta - Italy";www.deims.org;b3ba9409-4953-446b-9890-5b977c4c1cb3;"POINT (12.1919 44.4836)";2021-11-23;elter_descriptive
"IT08-Southern Alpine Lakes - Italy";www.deims.org;8ffe6c61-5473-4e56-9a6e-827baad941e5;"POINT (9.389 45.667)";2021-11-23;elter_descriptive
"IT09-Mountain Lakes - Italy";www.deims.org;3f0267f2-e67e-443f-b89d-d2c5dcfce1c9;"POINT (10.29 44.4025)";2021-11-23;elter_descriptive
"IT10-Lake ecosystems of Sardinia - Italy";www.deims.org;67757ba9-c40c-4e2c-bdad-bc26905a738e;"POINT (8.94383 40.5448)";2021-11-23;elter_descriptive
"IT11-Himalayan Lakes - Nepal";www.deims.org;53c835b3-9ecb-4613-9b96-6b36356e83a8;"POINT (86.813 27.9635)";2021-11-23;elter_descriptive
"IT12-Northern Adriatic Sea - Italy";www.deims.org;92fd6fad-99cd-4972-93bd-c491f0be1301;"POINT (12.8145 45.3075)";2021-11-23;elter_descriptive
"IT13-Gulf of Naples - Italy";www.deims.org;0f59e22d-1db8-481e-a8b7-f2810fcfc178;"POINT (14.1994 40.6942)";2021-11-23;elter_descriptive
"IT14-Marine ecosystems of Sardinia - Italy";www.deims.org;28407ba7-6efe-45f4-8ecf-efb514e9182b;"POINT (8.70071 40.3082)";2021-11-23;elter_descriptive
"IT15 - Ligurian Sea - Italy";www.deims.org;0b7dc506-1a46-4399-8d74-d547d8e2dcba;"POINT (10 44)";2021-11-23;elter_descriptive
"IT17-Antarctica Research Station - Antarctica";www.deims.org;a0df48f6-bd2b-42b2-919a-77cb41220440;"POINT (171.517 -75.6957)";2021-11-23;elter_descriptive
"IT19 - HIGH ELEVATION SITES IN THE NORTHWESTERN ALPS - Italy";www.deims.org;d6d92b71-80d8-41bc-8b19-80d63e15b918;"POINT (7.69194 45.7825)";2021-11-23;elter_descriptive
"IT20 - Central Italy coastal dunes - Italy";www.deims.org;6d7ffd99-40e1-4f0d-ad26-6904581dbe9b;"POINT (13 41)";2021-11-23;elter_descriptive
"IT24 - Lagoons of Salento - Italy";www.deims.org;d7d881a5-69be-4e9a-8717-34d97bdf950f;"POINT (18.3307203 40.3646591)";2021-11-23;elter_descriptive
"IT25 - Val Mazia/Matschertal - Italy";www.deims.org;11696de6-0ab9-4c94-a06b-7ce40f56c964;"POINT (10.6157 46.6928)";2021-11-23;elter_descriptive
"Jalovecka dolina - Slovakia";www.deims.org;e13f1146-b97a-4bc5-9bc5-65322379a567;"POINT (19.6719 49.2178)";2021-11-23;elter_count
"Jamtalferner - Austria";www.deims.org;5b93dfb3-906b-4ff4-a5fe-9a4948bda9eb;"POINT (10.224291 46.954164)";2022-02-28;elter_count
"Johnsbachtal - Austria";www.deims.org;b3ecdade-2c03-4ef2-85fe-e9c8f9e65a84;"POINT (14.6045 47.5331)";2022-04-26;elter_count
"Jussy - Switzerland";www.deims.org;fa36576a-6409-41d4-96ae-67f2a3d7e085;"POINT (6.2908547 46.2298528)";2022-04-05;elter_count
"Kalkalpen National Park - Austria";www.deims.org;49515dda-1198-4013-8f43-c33e107af081;"POINT (14.39282 47.77236)";2022-03-09;elter_count
"Kampinoski National Park - Poland";www.deims.org;e738e254-0ee5-4b8f-bf98-f27a7dce1948;"POINT (20.5808 52.3253)";2021-11-23;elter_count
"Karei Deshe (KRD) - Israel";www.deims.org;46db8855-a7b5-4937-8b5a-dd1f13a82606;"POINT (35.5833 32.9167)";2021-11-23;elter_count
"Kaunertal - Austria";www.deims.org;864da259-371e-4701-b72a-5295de28d6c6;"POINT (10.743833 46.94343)";2022-03-01;elter_sub
"Kdoshim (KDO) - Israel";www.deims.org;bbe2405c-cf54-4c35-8da2-8f755314aad7;"POINT (35.0442 31.7833)";2021-11-23;elter_count
"Kevo Subarctic Research Institute (Kevo LTER) - Finland";www.deims.org;3f6a14de-1efb-4c06-8d1a-ce5765fe59e8;"POINT (27.0131 69.757)";2021-11-23;elter_count
"Kilpisjärvi Biological Station (Kilpisjärvi LTER) - Finland";www.deims.org;2cd5de60-f0f4-4499-afc7-210692906856;"POINT (20.8167 69.0333)";2021-11-23;elter_count
"Kindla, IM-site SE15 - Sweden";www.deims.org;9aa88bb6-b4a9-4569-8520-3d26643e6de9;"POINT (14.9 59.75)";2021-12-03;elter_count
"Kis-Balaton Site, Balaton LTER - Hungary";www.deims.org;8129fed1-37b3-48e6-b786-d416917acc72;"POINT (17.1833 46.6333)";2021-11-23;elter_count
"KISKUN LTER - Hungary";www.deims.org;124f227a-787d-4378-bc29-aa94f29e1732;"POINT (19.3833 46.8)";2021-11-23;elter_count
"Kiskun Restoration Experiments, KISKUN LTER - Hungary";www.deims.org;c7a1d72c-7296-49e7-813a-890a11cf0ae9;"POINT (19.5333 46.7667)";2021-11-23;elter_count
"Kolari Field Site - Finland";www.deims.org;98a3b631-fcb0-4482-8572-6fee28691a39;"POINT (23.8294 67.3544)";2021-11-23;elter_sub
"Kolstad - Norway";www.deims.org;516d7a1f-a89b-466c-8d6f-4d798422d663;"POINT (10.84 60.88)";2021-11-23;elter_count
"Krakovski gozd - Slovenia";www.deims.org;deaa845b-dbd9-42a4-a9a5-d9db2a86d4c2;"POINT (15.422166 45.876688)";2021-12-03;elter_count
"Kralova hola - Slovakia";www.deims.org;61c12307-2669-46c1-bf0b-94d40cc6b111;"POINT (20.124834 48.887371)";2021-12-14;elter_count
"Kremnicke vrchy Ecological Experimental Station - Slovakia";www.deims.org;4c3159e4-4630-4309-940b-8ece71514b77;"POINT (19.0689 48.6341)";2021-11-23;elter_count
"Krivoklat forests and xeric grasslands - Czechia";www.deims.org;09f97e46-5c37-494e-b476-d5ec32ca909a;"POINT (13.8475 50.0028)";2021-11-23;elter_count
"Krofdorf - Germany";www.deims.org;f73a0f95-8fb0-4755-92fc-f4b0207f5fe4;"POINT (8.65 50.68)";2021-12-03;elter_count
"Kuusamo LTSER - Finland";www.deims.org;5132461b-1ce3-4e18-9aa5-005d0bf2e956;"POINT (29.11 65.58)";2021-11-23;elter_count
"La Robinette - Belgium";www.deims.org;450ecc48-b748-49da-8b33-7955854bda78;"POINT (6.07388 50.56096)";2021-11-23;elter_count
"Laegeren - Switzerland";www.deims.org;7b4d8b76-1c6d-410c-998c-f9c56b2f7347;"POINT (8.36439 47.4783)";2022-04-05;elter_count
"Lago Anterselva - Italy";www.deims.org;e8342e5a-849b-4eba-8a99-249d285b5094;"POINT (12.1661 46.886)";2021-12-15;elter_count
"Lago Bidighinzu - Italy";www.deims.org;3707cf71-7e04-41e3-8afc-518b293f6c07;"POINT (8.666364 40.551715)";2021-12-15;elter_count
"Lago Braies - Italy";www.deims.org;c54a2c21-2079-400d-b169-5e2de8dfdf06;"POINT (12.0848 46.6936)";2021-12-15;elter_count
"Lago Cedrino - Italy";www.deims.org;9010f9db-3d6b-4253-9604-4e10f6714000;"POINT (9.545 40.328)";2021-12-15;elter_count
"Lago Cuga - Italy";www.deims.org;3b9c3c88-6774-49cb-a0fa-687e6ab1ce61;"POINT (8.451 40.611)";2021-12-15;elter_count
"Lago di Candia - Italy";www.deims.org;c7fe4203-24b1-4d11-a573-99b99204fede;"POINT (7.91529 45.3253)";2021-12-15;elter_count
"Lago di Como - Italy";www.deims.org;58036d71-8141-40c3-a0f2-50b8bd1bcddc;"POINT (9.25751 45.9967)";2021-12-15;elter_count
"Lago di Garda - Italy";www.deims.org;c713db56-373c-46cc-8828-ce8cadc4f3bb;"POINT (10.6205 45.5806)";2021-12-15;elter_count
"Lago di Orta - Italy";www.deims.org;8bd7d2f8-421a-48bd-b212-04bc1e9f31d5;"POINT (8.400248 45.817692)";2021-12-15;elter_count
"Lago Maggiore - Italy";www.deims.org;f30007c4-8a6e-4f11-ab87-569db54638fe;"POINT (8.63403 45.9547)";2021-12-15;elter_count
"Lago Monte Lerno - Italy";www.deims.org;625a2aac-4b37-4366-8693-7d97b95759dc;"POINT (9.151 40.588)";2021-12-15;elter_count
"Lago Paione Inferiore - Italy";www.deims.org;c128d2f9-beb0-45ba-89bb-df9e12f95b0f;"POINT (8.189401 46.169017)";2021-12-15;elter_count
"Lago Paione Superiore - Italy";www.deims.org;7e5837a9-ee27-4e27-822a-f50e5217c313;"POINT (8.191037 46.175611)";2021-12-15;elter_count
"Lago Piccolo di Monticolo - Italy";www.deims.org;7d2699f6-ae7b-4b00-a3b0-24b24bfa1334;"POINT (11.296 46.4296)";2021-12-15;elter_count
"Lago Piramide Inferiore - Nepal";www.deims.org;81535ac1-1401-495e-a786-17be3a95f1c6;"POINT (86.815 27.962)";2021-12-15;elter_count
"Lago Piramide Superiore - Nepal";www.deims.org;9c6df1bb-29ee-4db0-8c72-03cf67ac7be5;"POINT (86.811 27.965)";2021-12-15;elter_count
"Lago Santo Parmense - Italy";www.deims.org;21d8695a-c932-4534-9819-e267e5befefc;"POINT (10.0069 44.4019)";2021-12-15;elter_count
"Lago Scuro Parmense - Italy";www.deims.org;da7069d6-4d3e-4b31-a8aa-a606d4814eb3;"POINT (10.0456 44.3818)";2021-12-15;elter_count
"Lago Sos Canales - Italy";www.deims.org;e8374da3-1644-460b-bd4c-bf669514dd22;"POINT (9.314 40.553)";2021-12-15;elter_count
"Lago Temo - Italy";www.deims.org;5bd7ec0b-8215-4764-8f4a-9b1d42c95e24;"POINT (8.562 40.479)";2021-12-15;elter_count
"Laguna di Cabras - Italy";www.deims.org;d5071d21-9c8f-47cc-b534-1b1162a5e09c;"POINT (8.483 39.883)";2021-12-15;elter_count
"Laguna di S'Ena Arrubia - Italy";www.deims.org;3aecddfd-36e2-40ec-b89f-808607264657;"POINT (8.566 39.816)";2021-12-15;elter_count
"Laguna di Santa Giusta - Italy";www.deims.org;6f7581f0-e663-4681-bf9d-4668d6c3f2ba;"POINT (8.576 39.861)";2021-12-15;elter_count
"Laguna di Venezia - Italy";www.deims.org;f7d94927-17be-4d3d-9810-e3c9bc91829c;"POINT (12.3391 45.4339)";2021-12-15;elter_count
"Lake Balaton LTER Site, Balaton LTER - Hungary";www.deims.org;32f08dc2-9cef-4a03-9d29-912fa2719224;"POINT (17.7 46.8333)";2021-11-23;elter_count
"Lake Bohinj - Slovenia";www.deims.org;ae055ce5-159c-4d73-8c47-a0708c895197;"POINT (13.858135 46.28332)";2021-11-23;elter_count
"Lake Gårdsjön catchment (LTER) - Sweden";www.deims.org;9abbb750-8325-4a00-a801-db9cf3a2df13;"POINT (12.0225 58.0581)";2021-11-23;elter_count
"Lake Iseo - Italy";www.deims.org;0667dab1-f857-45a1-b01b-4261e6a499bd;"POINT (10.06793 45.722307)";2021-12-15;elter_count
"Lake Kraenepoel - Belgium";www.deims.org;20c3f1d4-ab1e-43b2-96b3-daaccf5fe0e3;"POINT (3.4801 51.0758)";2021-11-23;elter_count
"Lake Mikolajskie - Poland";www.deims.org;0ce0d289-9ef9-4232-a981-8f34869db76d;"POINT (21.5833 53.7667)";2021-11-23;elter_count
"Lake Päijänne LTER - Finland";www.deims.org;28a399bc-e90f-43c2-a17d-2556b9644868;"POINT (25.48 61.85)";2021-11-23;elter_count
"Lake Stechlin - Germany";www.deims.org;2223bc9c-12b2-49fe-af73-4299f553e054;"POINT (13.03038597107 53.150708250618)";2021-11-23;elter_count
"Lake Trasimeno - Italy";www.deims.org;c93c97fb-196e-480a-87b0-817218cd7c24;"POINT (12.1 43.133)";2021-12-15;elter_count
"Lake Vänern (LTER) - Sweden";www.deims.org;34a3e897-212a-4136-a4af-efc6d464e4e3;"POINT (13.1469 58.5111)";2021-11-23;elter_sub
"Lammi LTER - Finland";www.deims.org;a43d31c8-6219-4ab8-ac41-6088cb56b12b;"POINT (25.041429 61.053687)";2022-03-09;elter_count
"Lange Bramke - Germany";www.deims.org;8e24d4f8-d6f6-4463-83e9-73cac2fd3f38;"POINT (10.4333 51.8667)";2021-12-03;elter_count
"Lantsch - Switzerland";www.deims.org;56188252-b48f-47a2-97d9-83283a2b4975;"POINT (9.5646678 46.6980544)";2022-04-05;elter_count
"Las Tablas de Daimiel National Park - Spain";www.deims.org;3f485cdb-fd8c-433a-910b-7f8c73c1d882;"POINT (-3.692048 39.132826)";2021-11-23;elter_count
"Lausanne - Switzerland";www.deims.org;e60f9991-daf7-448c-9b78-44b00be86f6d;"POINT (6.6580421 46.5837664)";2022-04-05;elter_count
"Lednice - Horni Les - Czechia";www.deims.org;c209b1f3-ef90-47c2-a57e-bfc80ea82ac2;"POINT (16.7833 48.8)";2021-11-23;elter_count
"Lens - Switzerland";www.deims.org;dda5ccfa-3fd3-447c-bf61-08a02a3d8374;"POINT (7.4359392 46.2685558)";2022-04-05;elter_count
"Lesvos Biodiversity Observatory - Greece";www.deims.org;5a29e045-e8e0-49bc-b60c-fe640389aa8f;"POINT (26.240962 39.167246)";2021-11-23;elter_count
"Livingstone Island - Antarctica";www.deims.org;d8000a4d-76fa-47c9-85c4-3f28380741f5;"POINT (-60.3479 -62.6337)";2021-11-23;elter_count
"Llyn Llagi - United Kingdom";www.deims.org;744bfb9e-298d-445e-8ea8-0c392be327d2;"POINT (-4.01558 53.0143)";2021-11-23;elter_count
"Loch Davan - United Kingdom";www.deims.org;7e685712-5b3f-40e2-86fa-14125260efa1;"POINT (-2.91667 57.0833)";2021-11-23;elter_count
"Loch Dee - United Kingdom";www.deims.org;609ac1a8-a655-444a-8feb-e71d5099e293;"POINT (-4.38333 55.0833)";2021-11-23;elter_count
"Loch Katrine - United Kingdom";www.deims.org;65014264-cb25-408c-94c7-f6b57acc3b5d;"POINT (-4.43333 56.2333)";2021-11-23;elter_count
"Loch Kinord - United Kingdom";www.deims.org;9fa171d2-5a24-40d3-9c06-b3f9e9d0f270;"POINT (-2.91667 57.0667)";2021-11-23;elter_count
"Loch Leven - United Kingdom";www.deims.org;fa7f524d-a414-4f91-8e18-16d57192fc0c;"POINT (-3.38333 56.1833)";2021-11-23;elter_count
"Loch Lomond - United Kingdom";www.deims.org;21a1f523-f232-4523-a72c-491cdbce1d57;"POINT (-4.68333 56.2167)";2021-11-23;elter_count
"Lochnagar - United Kingdom";www.deims.org;9d80adab-698e-4d8a-a1ab-a37cb54d7fba;"POINT (-3.21667 56.95)";2021-11-23;elter_count
"Lönnstorp Research Station - Sweden";www.deims.org;d733f936-b0b6-4bc1-9ab5-6cdb4081763a;"POINT (13.1027 55.66917)";2021-11-23;elter_count
"Lontovž - Slovenia";www.deims.org;e87be18b-9360-459f-81cb-ec4a53cab57a;"POINT (15.062737 46.096138)";2021-11-23;elter_count
"Lonzée - Belgium";www.deims.org;c3c8a84f-ff66-4d19-8c28-42c7ed63b43d;"POINT (4.74613 50.55159)";2021-11-23;elter_count
"Lough Neagh - United Kingdom";www.deims.org;a7f8c0f4-e90f-4fa1-bbba-2daadeaf7a8c;"POINT (-6.38333 54.55)";2021-11-23;elter_count
"Louvain-la-Neuve - Belgium";www.deims.org;42ae4e04-c4de-4727-a96d-264bafc729d7;"POINT (4.601111 50.681111)";2021-12-03;elter_count
"Lower Lough Erne - United Kingdom";www.deims.org;177075bb-c0bb-40f2-81f7-b0a25bf029bd;"POINT (-7.81667 54.4667)";2021-11-23;elter_count
"Lower River Clyde - United Kingdom";www.deims.org;fcdaea9d-886b-4109-8093-9e76b47d4305;"POINT (-4.23333 55.85)";2021-11-23;elter_count
"LTER Fulophaza Site, KISKUN LTER - Hungary";www.deims.org;b4b76a9a-cbf9-4739-9162-83a31798ff0d;"POINT (19.4064 46.8778)";2021-11-23;elter_count
"LTER Lacco Ameno - Italy";www.deims.org;4a05a2fb-0015-4310-96d5-a94c019bda58;"POINT (13.9 40.7598)";2021-12-15;elter_count
"LTER Marechiara - Italy";www.deims.org;0b87459a-da3c-45af-a3e1-cb1508519411;"POINT (14.25 40.816)";2021-12-15;elter_count
"LTER Observatory HAUSGARTEN - Germany";www.deims.org;f6d9ed12-6bc1-47fb-8e81-ef24e9579596;"POINT (4 79)";2021-11-23;elter_count
"LTER Zöbelboden - Austria";www.deims.org;8eda49e9-1f4e-4f3e-b58e-e0bb25dc32a6;"POINT (14.444136161386 47.842246069311)";2022-07-19;elter_count
"LTSER Dutch Wadden Sea Area - Netherlands";www.deims.org;fcbf044b-20e2-4e87-894d-10bfe6e3a7ac;"POINT (5.25 53.25)";2021-11-23;elter_count
"LTSER Engure - Latvia";www.deims.org;66431807-ebf1-477f-aa52-3716542f3378;"POINT (23.135 57.2167)";2021-11-23;elter_count
"LTSER Lago di Tovel - Italy";www.deims.org;f3146959-ae18-4b4e-a9be-16634b0b530a;"POINT (10.9496 46.2609)";2021-12-15;elter_count
"LTSER Minho Estuary - Portugal";www.deims.org;923cb154-83c9-444d-817a-cde7879c09b5;"POINT (-8.46 41.55)";2021-11-23;elter_count
"LTSER MIRA ESTUARY - Portugal";www.deims.org;96ba6c55-a555-4e96-a3e6-14d6dfe8785b;"POINT (-8.43 37.39)";2021-11-23;elter_count
"LTSER MONDEGO ESTUARY - Portugal";www.deims.org;5a38fc08-5257-4b13-8465-1d50ea166b95;"POINT (-8.48 40.7)";2021-11-23;elter_count
"LTSER Neajlov catchment - Romania";www.deims.org;a6af4965-8352-461a-84b0-0cac30559ad7;"POINT (24.0667 45.1)";2021-11-23;elter_count
"LTSER Negev highland - Israel";www.deims.org;a35d8356-d3d4-41c2-aa34-d59e09b01971;"POINT (34.772014 30.79316)";2022-06-30;elter_count
"LTSER Northern Negev - Israel";www.deims.org;871a90b2-e372-456a-93e3-518ad1e11239;"POINT (34.75 31.4967)";2021-11-23;elter_count
"LTSER Platform Eisenwurzen (EW) - Austria";www.deims.org;d0a8da18-0881-4ebe-bccf-bc4cb4e25701;"POINT (14.5 47.6667)";2022-01-31;elter_count
"LTSER Platform Hydrologic Observatory of Athens - Greece";www.deims.org;3bb4e99f-dc55-4a6b-819d-9081247d8201;"POINT (23.698883 38.04697)";2021-11-23;elter_count
"LTSER Platform Koiliaris Critical Zone Observatory - Greece";www.deims.org;65d7bf15-841a-4fb7-a36e-6f4d95a8d64e;"POINT (24.08993 35.41344)";2021-11-23;elter_count
"LTSER Platform Neusiedler See - Seewinkel - Austria";www.deims.org;1230b149-9ba5-4ab8-86c9-cf93120f8ae2;"POINT (16.764476 47.767853)";2021-11-23;elter_count
"LTSER Platform Samothraki Nature Observatory - Greece";www.deims.org;44ef9f2b-cf2b-42bd-8c05-0688c16be6fd;"POINT (25.578232 40.456875)";2021-11-23;elter_count
"LTSER Platform Tyrolean Alps (TA) - Austria";www.deims.org;8cf20f01-7aa1-418b-a613-a95ceeb350dd;"POINT (11 47)";2021-11-23;elter_count
"LTSER Ria de Aveiro - Portugal";www.deims.org;dfc24538-730e-4e4b-9f04-8e84608b9999;"POINT (-8.703898 40.67166)";2021-11-23;elter_count
"LTSER Silva Gabreta - Czechia";www.deims.org;bc72e137-dbc6-49ce-8116-e5af0ea2f924;"POINT (13.5792 49.0177)";2021-11-23;elter_count
"LTSER Veluwe - Netherlands";www.deims.org;bef0bbd2-d8a9-4672-9e5b-085d049f4879;"POINT (5.8 51.8)";2021-11-23;elter_count
"LTSER Zone Atelier Alpes - France";www.deims.org;79d6c1df-570f-455f-a929-6cfe5c4ca1e9;"POINT (6.4 44.8)";2021-11-23;elter_count
"LTSER Zone Atelier Antarctique - Antarctica";www.deims.org;5d621971-e68c-4015-b01f-a259f27dd6a0;"POINT (139 -67)";2021-11-23;elter_count
"LTSER Zone Atelier Arc Jurassien - France";www.deims.org;4d05311c-6fb5-4a4c-b25f-b35214ad3554;"POINT (5.98746 46.7054)";2021-11-23;elter_count
"LTSER Zone Atelier Armorique - France";www.deims.org;31e67a47-5f15-40ad-9a72-f6f0ee4ecff6;"POINT (-1.53333 48.6)";2021-11-23;elter_count
"LTSER Zone Atelier Bassin du Rhône - France";www.deims.org;7bafe09f-1fd9-4014-a038-650bada37ca5;"POINT (4.5 45.45)";2021-11-23;elter_count
"LTSER Zone Atelier Brest Iroise - France";www.deims.org;023645a3-8639-43c2-919d-f085721ff920;"POINT (-4.51 48.28)";2021-11-23;elter_count
"LTSER Zone Atelier du Bassin de la Moselle - France";www.deims.org;67d34e08-c377-4b1c-b6b8-14a7e47f717e;"POINT (6.185099 48.691803)";2021-11-23;elter_count
"LTSER Zone Atelier Environnementale Urbaine - France";www.deims.org;9a22f36d-1f22-4c1b-96be-5e8ef8b66dc6;"POINT (7.74 48.58)";2021-11-23;elter_count
"LTSER Zone Atelier Hwange - Zimbabwe";www.deims.org;68d19865-587a-45a4-baa7-d927444436ca;"POINT (26.5 -18.36)";2021-11-23;elter_count
"LTSER Zone Atelier Loire - France";www.deims.org;d2ffb931-ecac-48f9-8474-3d382d43f3f6;"POINT (1 47)";2021-11-23;elter_count
"LTSER Zone Atelier Loire - Louroux Watershed - France";www.deims.org;714d7377-4b6f-4f52-81d0-b5a96ed9f56f;"POINT (0.770772222222 47.1476833)";2021-11-23;elter_count
"LTSER Zone Atelier Loire - Mareau-aux-Prés Islands - France";www.deims.org;08f4bbcf-e855-472d-8932-f79ea03fde2e;"POINT (1.783311111111 47.8641389)";2021-11-23;elter_count
"LTSER Zone Atelier Plaine et Val de Sevre - France";www.deims.org;08a263dc-8b7b-4ebb-8fbc-7e0dc9eab7f5;"POINT (-0.34 46)";2021-11-23;elter_count
"LTSER Zone Atelier Pyrénées-Garonne - France";www.deims.org;e5cf07bb-f849-4034-babe-ff0a47cbc33a;"POINT (0.85 43.2667)";2021-11-23;elter_count
"LTSER Zone Atelier Seine - France";www.deims.org;10183aae-f8d2-4a39-af12-22a8e38a8a6a;"POINT (2.35 48.85)";2021-11-23;elter_count
"LTSER Zone Atelier Territoires Uranifères - France";www.deims.org;915cb2eb-ed08-4b02-9d16-1f4d688e912b;"POINT (3.04 45.46)";2021-11-23;elter_count
"LTSER-ESTUARIES - Portugal";www.deims.org;664177a4-a21a-4f59-9601-00909e275868;"POINT (-8.86498 41.8697)";2021-11-23;elter_count
"LTsER-Montado - Portugal";www.deims.org;ecfcc7e2-82e5-4ec1-adee-a3f9f815fc0d;"POINT (-8.0936 38.4325)";2022-03-08;elter_count
"LTSER-Sabor - Portugal";www.deims.org;45722713-80e3-4387-a47b-82c97a6ef62b;"POINT (-6.95 41.3333)";2022-06-01;elter_count
"Lund - Norway";www.deims.org;1d792727-6bd0-4fda-a3f8-33972f3c4fff;"POINT (6.43333 58.55)";2021-11-23;elter_count
"LYSIMETER-STATION AGES - Austria";www.deims.org;a9edff72-e5d3-45f6-9cbe-c205ac27b534;"POINT (16.4797 48.2531)";2021-11-23;elter_count
"Lysina & Pluhuv Bor catchments - Czechia";www.deims.org;a7cf7d23-ffa1-45f0-bb3b-82ee8fdf725a;"POINT (12.6514 50.0333)";2021-11-23;elter_count
"Machuqueira do Grou - Portugal";www.deims.org;8430e9a9-211a-493a-8049-73c3339f0c61;"POINT (-8.33305 39.1386)";2022-03-22;elter_sub
"Macrosito Baia Terranova (MBT) - Italy";www.deims.org;7fb8e2c6-b11f-41a7-b494-44ceeb3bed2d;"POINT (164.133 -74.7167)";2021-12-15;elter_count
"Magurski National Park - Poland";www.deims.org;29555207-34c3-4e1d-b794-c6154c136571;"POINT (21.4354 49.4867)";2021-11-23;elter_count
"Mar Piccolo of Taranto - Italy";www.deims.org;ede24c6e-9cf2-4cf8-8bf7-36ba327403b4;"POINT (17.2818 40.4817)";2021-12-15;elter_count
"Marine Area of Portofino Promontory - Italy";www.deims.org;769556a6-0ee6-46a9-acbb-a1f2d51c07e8;"POINT (9.191 44.3045)";2021-12-15;elter_count
"Matsch-Mazia proglacial area - Italy";www.deims.org;80c56aed-48bc-4d00-9ac0-033effeab9d2;"POINT (10.696478 46.776376)";2021-12-15;elter_count
"Matta - Israel";www.deims.org;3ca602d9-1aed-4774-abec-beedf8939156;"POINT (35.065 31.71277778)";2021-12-15;elter_count
"Mazsalaca Pine - Latvia";www.deims.org;ebdf1a2b-b815-4808-92cd-971a501d356d;"POINT (24.9833 57.8833)";2021-11-23;elter_count
"Meise Botanic Garden - Belgium";www.deims.org;b6420f1b-00a6-4e36-bc5c-65de070ff75e;"POINT (4.3287709 50.9281205)";2021-11-23;elter_count
"Mellier - Belgium";www.deims.org;c9cf7c25-b4fa-4756-b731-da85a9f00e28;"POINT (5.456111 49.773889)";2021-12-03;elter_count
"Mesta River - Bulgaria";www.deims.org;795a51ea-7068-4b49-996d-784fb530f3fe;"POINT (23.6729 41.7626)";2021-11-23;elter_count
"Mihaesti-sessile oak - Romania";www.deims.org;e58ce059-0459-4086-9197-96fb4855786e;"POINT (24.9958 45.0288)";2021-11-23;elter_count
"Moesvatn - Norway";www.deims.org;f469e62a-1e98-41eb-af35-9bab3faf8aed;"POINT (8.3 59.85)";2021-11-23;elter_count
"Mondsee Limnological Institute - Austria";www.deims.org;89cf2c05-a05b-4033-b7ac-1b24190dd88c;"POINT (13.3477 47.8453)";2021-11-23;elter_count
"Mont Avic Gloria (IT19 Aosta Valley) - Italy";www.deims.org;54cd5daf-f7d8-4af8-8e0c-974ff44fdf83;"POINT (7.6 45.65)";2021-12-15;elter_count
"Montagna di Torricchio - Italy";www.deims.org;6b62feb2-61bf-47e1-b97f-0e909c408db8;"POINT (13.0192 42.9614)";2021-12-15;elter_count
"Monte Rufeno LAZ1 - Italy";www.deims.org;05e96829-e64a-48d3-a96d-de2aa4cde146;"POINT (11.9028 42.8306)";2021-12-15;elter_count
"Monumento Naturale Torre Flavia (Roma) - Italy";www.deims.org;e618c7ca-2b92-46cb-9156-d87336c5a81f;"POINT (12.05 41.9667)";2021-12-15;elter_count
"Moor House - Upper Teesdale - United Kingdom";www.deims.org;bf78c96f-0763-4b31-b1a6-6eccef19edd1;"POINT (-2.38333 54.6833)";2022-07-18;elter_count
"Mooring A: Southwestern Ross Sea, Ross Island - Antarctica";www.deims.org;86b6465c-b604-4efa-9145-0805f62216f4;"POINT (169.092 -76.7)";2021-12-15;elter_count
"Mooring B: North Central Ross Sea, Joides Basin - Antarctica";www.deims.org;1fb62b9c-4d5c-4f1f-8882-807032337de7;"POINT (175.085 -74.0105)";2021-12-15;elter_count
"Mooring D: Western Ross Sea, TerraNova Bay Polynya - Italy";www.deims.org;b4121cd7-8b02-4872-b1d2-516d1c02056a;"POINT (164.542 -75.133)";2021-12-15;elter_count
"Mooring H: Central Ross Sea - Italy";www.deims.org;63a444a3-22e1-44fe-a7e3-7982366a2c1b;"POINT (-177.325 -75.95)";2021-12-15;elter_count
"Mordre - Norway";www.deims.org;f5699647-fef5-4d94-a0bc-8016b0a7552a;"POINT (11.4 60.11)";2021-11-23;elter_count
"Morris Kahn Marine Research Station - Israel";www.deims.org;a809bad4-f3d1-452b-ad29-0723a75501d6;"POINT (34.8905472 32.489472)";2021-12-15;elter_count
"Mountain catchment - Czechia";www.deims.org;fe549052-0fca-45dc-9fc3-77dfb6a05ee0;"POINT (15.7041 50.7148)";2021-11-23;elter_count
"Mountain spruce forests - Czechia";www.deims.org;029096be-48bc-4229-9cec-fcdef3641146;"POINT (13.5792 49.0177)";2021-11-23;elter_count
"Müggelsee - Germany";www.deims.org;b9ad5ea6-80ab-4007-a4a1-8370236904d1;"POINT (13.648776 52.438074)";2021-11-23;elter_count
"Muntatschinig/Monteschino - Italy";www.deims.org;51d0598a-e9e1-4252-8850-60fc8f329aab;"POINT (10.579786 46.686294)";2022-03-23;elter_count
"Murska šuma - Slovenia";www.deims.org;8c280ddb-c31c-45d8-a4eb-77dac64848b3;"POINT (16.510589 46.496003)";2021-12-03;elter_count
"Nant Teyrn - United Kingdom";www.deims.org;11dbfa58-3951-4e9a-b2e0-1d5d4fbfe8b3;"POINT (-4.026817 53.072471)";2021-11-30;elter_count
"National Park Bavarian Forest - Germany";www.deims.org;993ed2fc-1cb0-4810-a619-8bcf78b6ecee;"POINT (13.395191 48.960629)";2021-11-23;elter_count
"National Park Berchtesgaden - Germany";www.deims.org;4481dede-b6db-400f-aa69-cd7e5c779d7d;"POINT (12.919862 47.558043)";2021-11-23;elter_count
"National Park Gór Stolowych - Poland";www.deims.org;79c7e974-4db3-4f06-8094-9845daf25d78;"POINT (16.4068 50.4575)";2021-11-23;elter_count
"National Park Hainich - Germany";www.deims.org;5b409a72-2a45-4238-a501-e24f1a2900db;"POINT (10.6333 51.1)";2021-11-23;elter_count
"National Park Hoge Kempen - Belgium";www.deims.org;dae8cf66-bdca-47db-b595-7bf6c1762e00;"POINT (5.626886 50.964926)";2022-04-28;elter_count
"National Park Hunsrück-Hochwald - Germany";www.deims.org;6d2f8953-afae-4449-b45e-9ae4e4606d31;"POINT (7.09 49.67)";2021-11-23;elter_count
"National Park Lower Saxony Wadden Sea - Germany";www.deims.org;6c070701-d13b-46d7-bbb7-5675db0f0f6d;"POINT (7.67626 53.74397)";2021-11-23;elter_count
"National Park Mueritz - Germany";www.deims.org;3ef67697-1cad-415a-987b-573fe3834dcd;"POINT (12.9411 53.4292)";2021-11-23;elter_count
"National Park Schleswig-Holstein Wadden Sea - Germany";www.deims.org;f1e16c20-c13e-426a-97ed-d865919bd7a4;"POINT (8.93333 54.3167)";2021-11-23;elter_count
"Nationalpark - Switzerland";www.deims.org;02ebdc77-d35c-4e19-ad7b-31a65885e7df;"POINT (10.2300874 46.662501)";2022-04-05;elter_count
"Nationalpark Kellerwald-Edersee - Germany";www.deims.org;5c11903f-9b21-47ee-a72b-13d5ef4b7db7;"POINT (8.978149 51.146107)";2021-11-23;elter_count
"Nature Reserve Rode Forest and Laan Valley - Belgium";www.deims.org;1bc3b61f-c5ba-40b9-9fbd-f42e9108d7d4;"POINT (4.6164 50.7668)";2021-11-23;elter_sub
"Naurstad - Norway";www.deims.org;e0bbb3be-2062-43a8-a175-9a656da75514;"POINT (14.82 67.28)";2021-11-23;elter_count
"Navarino Environmental Observatory - Greece";www.deims.org;fd56551c-3760-4b18-90ea-90fe95ca8120;"POINT (21.656048 36.993249)";2021-11-23;elter_count
"Neunkirch - Switzerland";www.deims.org;e7c82a90-eee2-4e42-b90d-c0531a59e306;"POINT (8.535683 47.6837031)";2022-04-05;elter_count
"NINA Aquatic Research Station, Ims - Norway";www.deims.org;f14a3e3e-96a6-4071-a8c6-08110ce45b85;"POINT (5.64332 58.90451971)";2021-11-23;elter_count
"Nizzanim (NIM) - Israel";www.deims.org;72ebc320-a76b-4b49-b0a3-7a885408e18c;"POINT (34.6 31.7333)";2021-11-23;elter_count
"North Sea Benthos Observatory - Germany";www.deims.org;50946250-c0fa-41b0-a917-17d2a3992eee;"POINT (3 57)";2021-11-23;elter_count
"North Wyke - United Kingdom";www.deims.org;4fbe4bf9-e342-4412-8f0c-c75aff08a8ca;"POINT (-3.9 50.7667)";2022-07-18;elter_count
"Northern LTSER Platform - Finland";www.deims.org;9efa71db-d3e8-4018-930f-c1fa9a1aaf99;"POINT (21.771 68.8962)";2021-11-23;elter_count
"Novaggio - Switzerland";www.deims.org;27988972-7e28-4fc2-a5e0-8d30d0f5dabd;"POINT (8.8341613 46.0226119)";2022-04-05;elter_count
"Nørholm Hede - Denmark";www.deims.org;b356da08-15ac-42ad-ba71-aadb22845621;"POINT (8.61 55.68)";2021-11-23;elter_count
"Oberes Stubachtal - Austria";www.deims.org;e26012b5-8a4f-4ad1-b20a-f6e615e27911;"POINT (12.6167 47.1333)";2021-11-23;elter_count
"Obergurgl - Austria";www.deims.org;3de1057c-a364-44f2-8a2a-350d21b58ea0;"POINT (11.0249 46.8671)";2021-11-23;elter_count
"Ojcowski National Park - Poland";www.deims.org;86b52b33-d402-48e9-996f-5bc94cca3fb3;"POINT (19.8242 50.1908)";2021-11-23;elter_count
"Old Lodge - United Kingdom";www.deims.org;49066ab8-0e7e-437e-9b17-de4d65e378ae;"POINT (0.06666 51.0333)";2021-11-23;elter_count
"Ordesa y Monte Perdido / Huesca ES - Spain";www.deims.org;829a2bcc-79d6-462f-ae2c-13653124359d;"POINT (0.03 42.65)";2022-02-16;elter_count
"Ore estuary (Orefjarden), Umea Marine Sciences Centre (LTER) - Sweden";www.deims.org;fa9e4d17-3c60-4295-a9e3-64d4b7c1ab09;"POINT (19.8364 63.5643)";2021-11-23;elter_count
"Orgovany Site, KISKUN LTER - Hungary";www.deims.org;836eff05-d491-4130-b4d2-ee2a261d3ded;"POINT (19.4667 46.7833)";2021-11-23;elter_count
"Othmarsingen - Switzerland";www.deims.org;9d082cc6-3282-4469-8d7b-05fa3e13489a;"POINT (8.2267566 47.3995354)";2022-04-05;elter_count
"Oulanka Research Station (Oulanka LTER) - Finland";www.deims.org;f81f30bb-6e2b-4a11-9b65-266fee2ae330;"POINT (29.3167 66.3667)";2022-05-04;elter_count
"Owenkillew River - United Kingdom";www.deims.org;6f5c2088-c16b-4c3b-8a0a-ceac7ac7ceff;"POINT (-7.04822055 54.70749417)";2021-11-23;elter_count
"OZCAR-RI AgrHyS Environmental Research Observatory - France";www.deims.org;b6057240-0a85-41e1-8f9e-17b1ee3bf66d;"POINT (-2.8317 47.989)";2021-11-23;elter_count
"OZCAR-RI AgrHyS Environmental Research Observatory Site of Kerbernez - France";www.deims.org;90b41a69-5fa8-402e-a82d-0b861faab304;"POINT (-4.15264 47.941573)";2021-11-23;elter_count
"OZCAR-RI AgrHyS Environmental Research Observatory Site of Kervidy-Naizin - France";www.deims.org;9602b733-7bb8-4f51-9857-2c73c53edee3;"POINT (-2.8489779 47.9722549)";2021-11-23;elter_count
"OZCAR-RI AMMA-CATCH Gourma Mesosite - Mali";www.deims.org;fb00f9ef-bac8-4973-bc1e-be310bc62373;"POINT (-1.5 16)";2021-11-23;elter_count
"OZCAR-RI AMMA-CATCH Niamey Square Degree Mesosite - Niger";www.deims.org;435c8adf-161f-45aa-b192-b00ad2a17678;"POINT (2.12 13.52)";2021-11-23;elter_count
"OZCAR-RI AMMA-CATCH Upper Oueme Basin Mesosite - Benin";www.deims.org;db22a81e-e7f9-4492-a99e-4a9e0170c4a1;"POINT (2.13 9.58)";2021-11-23;elter_count
"OZCAR-RI Aurade Catchment - France";www.deims.org;6f4ee641-2339-4006-b815-6e2ca6c6b0bf;"POINT (1.0809558 43.5549378)";2022-06-22;elter_count
"OZCAR-RI CRYOBSCLIM Aiguille du Midi - France";www.deims.org;69452a1c-841f-4f80-be28-61bdd99ac8b7;"POINT (6.887625 45.878403)";2021-11-23;elter_count
"OZCAR-RI CRYOBSCLIM Antizana glacier - Ecuador";www.deims.org;a4a80312-9bfd-42fc-8101-4e222c1a90ca;"POINT (-78.14 -0.48)";2021-11-23;elter_count
"OZCAR-RI CRYOBSCLIM Argentiere glacier - France";www.deims.org;26eb1764-b48d-4074-acd3-511bdb07aff9;"POINT (6.996095 45.944977)";2021-11-23;elter_count
"OZCAR-RI CRYOBSCLIM Cap Prud'Homme Site - Antarctica";www.deims.org;4a405a4b-5eed-40a7-be42-bfda96d02c00;"POINT (139.909191 -66.692889)";2021-11-23;elter_count
"OZCAR-RI CRYOBSCLIM Col de Porte - France";www.deims.org;63a116c7-cbf7-41e3-b046-08182ebdeaab;"POINT (5.77 45.3)";2021-11-23;elter_count
"OZCAR-RI CRYOBSCLIM Col du Dome - France";www.deims.org;f9e98e95-bc37-4afe-8150-c96d36de4ec5;"POINT (6.8519 45.8432)";2021-11-23;elter_count
"OZCAR-RI CRYOBSCLIM Col du Lac Blanc - France";www.deims.org;8c671c64-95e7-4ad8-befc-c26743e35eae;"POINT (6.11 45.12)";2021-11-23;elter_count
"OZCAR-RI CRYOBSCLIM Derochoir - France";www.deims.org;5b1a474f-0430-47ec-8101-8792b3f64d5b;"POINT (6.80925 45.86582)";2021-11-23;elter_count
"OZCAR-RI CRYOBSCLIM Deux Alpes - France";www.deims.org;a02a26c5-1113-4207-84d7-6bd64107a712;"POINT (6.19166 45)";2021-11-23;elter_count
"OZCAR-RI CRYOBSCLIM Dome C site - Antarctica";www.deims.org;13ee3167-efbc-4046-a74e-11156b58bb81;"POINT (-123.33 -75.1)";2021-11-23;elter_count
"OZCAR-RI CRYOBSCLIM Gebroulaz glacier - France";www.deims.org;6104439f-0a63-469d-91bd-5045961f6740;"POINT (6.627209 45.298346)";2021-11-23;elter_count
"OZCAR-RI CRYOBSCLIM Laurichard rock glacier - France";www.deims.org;69105fe6-85dd-4df8-8db2-c5302a700755;"POINT (6.3994 45.0168)";2021-11-23;elter_count
"OZCAR-RI CRYOBSCLIM Mer de Glace Glacier - France";www.deims.org;f436f990-2b02-4ac4-b27b-bcc7ad349ac6;"POINT (6.942368 45.90264)";2021-11-23;elter_count
"OZCAR-RI CRYOBSCLIM Mera glacier - Nepal";www.deims.org;909651a4-87aa-4cc2-834e-2490cc05b45d;"POINT (86.86 27.71)";2021-11-23;elter_count
"OZCAR-RI CRYOBSCLIM Ossoue Glacier - France";www.deims.org;a8da96ac-da70-457b-a66b-521f11eb017b;"POINT (0.14 42.77)";2021-11-23;elter_count
"OZCAR-RI CRYOBSCLIM Réseau éboulis froids - France";www.deims.org;cdd8c816-1fe7-41cb-af72-215e8e5ec185;"POINT (6 45)";2021-11-23;elter_count
"OZCAR-RI CRYOBSCLIM Saint-Sorlin Glacier - France";www.deims.org;9d2066e6-e417-422e-940a-89314050a0df;"POINT (6.16061 45.160584)";2021-11-23;elter_count
"OZCAR-RI CRYOBSCLIM Sarennes Glacier - France";www.deims.org;c966ef2d-83b8-48af-9217-5c030d585ae1;"POINT (6.111913 45.116619)";2021-11-23;elter_count
"OZCAR-RI CRYOBSCLIM Vallon de Roche Noire - France";www.deims.org;649f1b7c-86c7-495c-9e35-2c76811b9423;"POINT (6.378679 45.056985)";2021-11-23;elter_count
"OZCAR-RI CRYOBSCLIM Zongo Glacier - Bolivia";www.deims.org;909de1ca-4845-46f4-9655-9ef172b454f1;"POINT (-68.167 -16.25)";2021-11-23;elter_count
"OZCAR-RI Draix-Bleone observatory - France";www.deims.org;be7fcb7d-d3c2-486d-a437-4754d18ca1ca;"POINT (6.35 44.13)";2021-11-23;elter_count
"OZCAR-RI H+ - Hyderabad - India";www.deims.org;5d8d9974-f627-469d-848b-b2034e297e8e;"POINT (78.920166 17.294504)";2021-11-23;elter_count
"OZCAR-RI H+ Larzac - France";www.deims.org;83b01fa5-747f-47be-9185-408d73a90fb2;"POINT (3.221694 43.970038)";2021-11-23;elter_count
"OZCAR-RI H+ LSBB (Low Noise Underground Laboratory) - France";www.deims.org;9a573e9f-3dbb-44f4-82fb-e97988f2ab4c;"POINT (5.483399 43.941204)";2021-11-23;elter_count
"OZCAR-RI H+ Majorque - France";www.deims.org;2b028377-640e-48f1-9a93-80f31ab665fa;"POINT (2.9534783 39.415092)";2021-11-23;elter_count
"OZCAR-RI H+ PLOEMEUR - GUIDEL CZO - France";www.deims.org;731f3ced-148d-4eb5-aa46-870fa22be713;"POINT (-3.4286 47.74665)";2021-11-23;elter_count
"OZCAR-RI H+ Poitiers - France";www.deims.org;76564697-0b15-49ca-9d61-ec82ad84ac54;"POINT (0.405888 46.556267)";2021-11-23;elter_count
"OZCAR-RI HYBAM Hydrology and Geochemistry of the Amazon basin - Bolivia, Brazil, Colombia, Ecuador, Peru";www.deims.org;dcf3a984-01c9-4f62-a123-2810cb172464;"POINT (-60 -6)";2021-11-23;elter_count
"OZCAR-RI M-TROPICS/BVET - Cameroon";www.deims.org;9e9bd9c6-8a13-4705-a539-f3b8d42ed9cc;"POINT (11.83 3.166)";2021-11-23;elter_count
"OZCAR-RI M-TROPICS/BVET - India";www.deims.org;a7abdd64-77bc-4a05-895e-eb9f965c70b4;"POINT (76.45 11.73)";2021-11-23;elter_count
"OZCAR-RI M-TROPICS/MSEC, Dong Cao - Viet Nam";www.deims.org;4af4e83b-e6e0-4a71-8ac2-09ef2f3a331b;"POINT (105.48541 20.95569)";2021-11-23;elter_count
"OZCAR-RI M-TROPICS/MSEC, Houay Pano - Lao People's Democratic Republic";www.deims.org;cb0d431f-af0a-4320-a3c2-c5c5aee1f363;"POINT (102.16891 19.85241)";2021-11-23;elter_count
"OZCAR-RI M-TROPICS/MSEC, Huay Ma Nai - Thailand";www.deims.org;8f1d1370-2d66-4264-b621-ad6f2fa232ff;"POINT (100.38933 18.23072)";2021-11-23;elter_count
"OZCAR-RI ObsErA - Bras-David - Maison de la Forêt - Guadeloupe";www.deims.org;ee79db03-e505-4148-9e39-229fe9a3495d;"POINT (-61.69324 16.17602)";2021-11-23;elter_count
"OZCAR-RI ObsErA - Capesterre - Prise d'eau - Guadeloupe";www.deims.org;53160dd8-c2c2-4773-9146-deb1c2b30fcf;"POINT (-61.6093 16.072)";2021-11-23;elter_count
"OZCAR-RI OHGE Strengbach Watershed OHGE Observatoire Hydro-Géochimique de l'Environnement - France";www.deims.org;26cfa0da-c5bc-489f-8490-beee0e79a9de;"POINT (7.33 48.38)";2021-11-23;elter_count
"OZCAR-RI OHMCV Auzon catchment - France";www.deims.org;249ac142-c0d3-4818-b521-ddcf5609ec0f;"POINT (4.4998 44.5811)";2021-11-23;elter_count
"OZCAR-RI OHMCV Mont Lozère catchment - France";www.deims.org;8c29db1b-7d44-481f-81be-de3b2769e06a;"POINT (3.82 44.37)";2021-11-23;elter_count
"OZCAR-RI OHMCV Tourgueille catchment - France";www.deims.org;7509f05b-edcb-4c52-92f7-5ab9f8655374;"POINT (3.6673 44.1301)";2021-11-23;elter_count
"OZCAR-RI OHMCV Valescure catchment - France";www.deims.org;02df05b8-45de-4518-89d8-ec49e8a05c37;"POINT (3.8298 44.0951)";2021-11-23;elter_count
"OZCAR-RI OMERE Kamech catchment - France";www.deims.org;c617f8c8-1b19-4683-8546-a3c23c39bc0b;"POINT (10.8689 36.8714)";2021-12-06;elter_count
"OZCAR-RI OMERE Roujan catchment - France";www.deims.org;fdfce078-1258-4964-8f0f-466b927c13c3;"POINT (3.32138 43.4919)";2021-11-23;elter_count
"OZCAR-RI ORACLE/BVRE Orgeval - France";www.deims.org;1c277cc2-7f3e-430f-92e2-a7dfb64d4ed9;"POINT (3.1 48.9)";2021-11-23;elter_count
"OZCAR-RI OTHU Yzeron experimental catchment - France";www.deims.org;cb1f4a9f-f6e3-4d2a-8b34-2f9c4c3f61b8;"POINT (4.69 45.74)";2021-11-23;elter_count
"OZCAR-RI PEATLAND Bernadouze - France";www.deims.org;708c9dcd-6757-4bb8-b849-3cc5666252f2;"POINT (1.4238 42.80258)";2021-11-23;elter_count
"OZCAR-RI PEATLAND Frasne - France";www.deims.org;113183a6-38f2-4ec8-94ff-8bdbd4708ea4;"POINT (6.1785 46.8404)";2021-11-23;elter_count
"OZCAR-RI PEATLAND La Guette - France";www.deims.org;331c1b2b-2283-4396-8e8b-d9d3d040e3cd;"POINT (2.28047 47.32169)";2021-11-23;elter_count
"OZCAR-RI PEATLAND Landemarais - France";www.deims.org;368383d9-d3a1-4abb-9ba3-d70bf071826e;"POINT (-1.18724 48.44219)";2021-11-23;elter_count
"OZCAR-RI REAL COLLOBRIER Catchments - France";www.deims.org;14d4e775-b092-4b13-beb2-2962bf86b7a3;"POINT (6.3 43.233)";2021-11-23;elter_count
"OZCAR-RI Regional Spatial Observatory in the South West France - France";www.deims.org;bf457b49-2074-4d2e-bd57-adc3a9cffa9a;"POINT (1.147014 43.446285)";2021-11-23;elter_count
"OZCAR-RI ROSES Groundwater network observatory - France";www.deims.org;243e4f58-170c-488f-bd79-9ea37f8bb63e;"POINT (0.85 43.2667)";2021-11-23;elter_count
"OZCAR-RI SNO_Karst : Karst Craie - France";www.deims.org;9abe3e61-7bd8-461d-8674-c33e70f198ba;"POINT (1.11 49.46)";2021-11-23;elter_count
"OZCAR-RI SNO_KARST Baget karstic experimental catchment - France";www.deims.org;c77eb1c9-54ce-42fc-97c2-f573666d6b9f;"POINT (1.02941 42.9549)";2021-11-23;elter_count
"OZCAR-RI SNO_KARST Environmental Research Observatory Site of fontaine de Vaucluse - LSBB - France";www.deims.org;8de38654-c0f2-48a6-b206-d59a3b9ae6a0;"POINT (5.47878914 44.056284048125)";2021-11-23;elter_count
"OZCAR-RI SNO_Karst Fontaine_de_Nimes - France";www.deims.org;0ae6fd2c-eb39-4f06-b33a-89ccbaad9387;"POINT (4.3472984 43.8373489)";2021-11-23;elter_count
"OZCAR-RI SNO_KARST Jurassic Karst site - France";www.deims.org;6544abc3-1994-4ccd-9b85-95acbaf02712;"POINT (6.2 47.1)";2021-11-23;elter_count
"OZCAR-RI SNO_KARST Karst Vald'Orléans - France";www.deims.org;09a5c45b-db4b-41b0-8068-675d2fb9a0bc;"POINT (1.9373 47.8503)";2021-11-23;elter_count
"OZCAR-RI SNO_Karst Karsts Aquitains - France";www.deims.org;0bb608ac-0503-492a-ae5c-97081acabaee;"POINT (0.700098 45.198472)";2021-11-23;elter_count
"OZCAR-RI SNO_KARST Mediterranean and coastal site of Port-Miou - France";www.deims.org;ed835c14-b860-461f-936d-f2991e8df9f1;"POINT (5.514 43.21)";2021-11-23;elter_count
"OZCAR-RI SNO_KARST MEDYCYSS-Multi scalE observatory of flooD dYnamiCs and hYdrodynamicS in karSt - France";www.deims.org;5b5ca767-0993-429c-8e58-a7efa39c936a;"POINT (3.850393 43.716509)";2021-11-23;elter_count
"Pallas-Sodankylä LTER observatory - Finland";www.deims.org;b0edd1d7-4fe7-4945-a366-4e9ff21e9dd3;"POINT (25.4083 67.7083)";2021-11-23;elter_count
"Park Shaked (PSK), LTSER Northern Negev - Israel";www.deims.org;869ec32d-7530-4975-a9de-604374eaece6;"POINT (34.6167 31.2833)";2021-11-23;elter_count
"Parque Natural del Montseny - Spain";www.deims.org;19fd543e-53b2-478e-b9c8-7d1160a0ee82;"POINT (2.3 41.66)";2021-11-23;elter_count
"Passo Lavazè TRE1 - Italy";www.deims.org;2356671d-683c-436a-a959-f5b3b086ae5b;"POINT (12.5581 46.3994)";2021-12-15;elter_count
"Petrohan-Ponor - Bulgaria";www.deims.org;3d8dd081-e6c5-4233-b2bb-7a353bcab094;"POINT (23.127 43.1207)";2021-11-23;elter_count
"Pfynwald - Switzerland";www.deims.org;278e7e05-b17e-4f68-af8d-fae07270c91a;"POINT (7.6121082 46.3027884)";2022-04-05;elter_count
"Piano Limina CAL1 - Italy";www.deims.org;d35d5417-d167-4137-97d1-c62ae4bc580b;"POINT (16.1667 38.4167)";2021-12-15;elter_count
"Piburger See - Austria";www.deims.org;ed1f621f-d337-4a3c-9cf1-7be144fc556c;"POINT (10.889153 47.194728)";2022-04-28;elter_count
"Pieninski National Park - Poland";www.deims.org;69a0e7ac-5e63-4ba8-95b1-d81b7b5f7fea;"POINT (20.3634 49.421)";2021-11-23;elter_count
"Pinios Hydrologic Observatory - Greece";www.deims.org;d375c09a-74ac-4d97-88b0-2edf5561ca49;"POINT (22.764836 39.713069)";2021-11-23;elter_count
"Plynlimon - United Kingdom";www.deims.org;6d47f4ca-8621-49a4-8240-3021429d1db5;"POINT (-3.73024 52.466)";2021-11-23;elter_count
"Podgorski Kras - Slovenia";www.deims.org;a4822c8a-2cc3-4c44-8456-03e6b0216a0f;"POINT (13.916721 45.54346)";2021-11-23;elter_count
"Pokljuka - Slovenia";www.deims.org;0d3e7231-2414-429f-80bb-71f1e1fc3d17;"POINT (13.936152 46.365497)";2021-12-03;elter_count
"Polana Biosphere Reserve (Hukavsky grun) - Slovakia";www.deims.org;e4548296-426c-4e08-a517-d177d8ad5239;"POINT (19.5394 48.6428)";2021-12-03;elter_count
"Poloniny National Park LTSER - Slovakia";www.deims.org;4a954f2b-7d18-4992-a860-adb7268f9dc7;"POINT (22.354749 49.077123)";2021-11-23;elter_count
"Porton Down - United Kingdom";www.deims.org;0f05a86f-0f7a-4b81-8268-6818a6064428;"POINT (-1.65 51.1167)";2022-07-18;elter_count
"Postojna-Planina Cave System - Slovenia";www.deims.org;b5bcf1f8-b905-4190-bb82-12d0d73904d0;"POINT (14.2134 45.7751)";2021-11-23;elter_count
"Predeal-spruce - Romania";www.deims.org;ba4963e3-0164-4448-a53c-6951c10e9cd0;"POINT (25.5892 45.5069)";2021-12-03;elter_count
"Pürgschachen Moor - Austria";www.deims.org;c0d491a2-3e5b-467a-9678-e0cac95a1df6;"POINT (14.3444 47.5806)";2022-02-21;elter_count
"Rajec-Nemcice - Czechia";www.deims.org;4934a491-fa10-4b79-a460-4c82f6d43eec;"POINT (16.6967 49.4436)";2021-11-23;elter_count
"Ramat Hanadiv (RHD) - Israel";www.deims.org;72f45e87-4e2d-4ea2-8bc9-4ddfac67a2a7;"POINT (34.9333 32.55)";2021-11-23;elter_count
"Ramat Hanadiv LTSER Platform - Israel";www.deims.org;93c1f7c3-a24b-4c3d-8875-4c7a17221293;"POINT (34.9453 32.5524324)";2021-12-15;elter_count
"Ramon (RMN) - Israel";www.deims.org;52d25867-33e7-4f27-8e0c-4f8a74bf22e0;"POINT (34.8167 30.75)";2021-11-23;elter_count
"Randu meadows - Latvia";www.deims.org;61c188bc-8915-4488-8d92-6d38483406c0;"POINT (24.3333 57.8)";2021-11-23;elter_count
"Ravels Forest - Belgium";www.deims.org;e74fdeaf-08ed-4306-9473-58e3f9a05e73;"POINT (5.05416 51.4019)";2022-04-29;elter_count
"Renon BOL1 - Italy";www.deims.org;5d32cbf8-ab7c-4acb-b29f-600fec830a1d;"POINT (11.4336 46.5868)";2021-12-15;elter_count
"Reservoir of Riga Hydropower Station on the River Daugava - Latvia";www.deims.org;32370e5d-9da5-4f8c-9198-875f61b9c695;"POINT (24.3333 56.8333)";2021-11-23;elter_count
"Retezat Biosphere Reserve - Romania";www.deims.org;41d84799-0ef0-48a0-ac20-ae192850c895;"POINT (22.8697 45.4097)";2021-11-23;elter_count
"Rhine-Main-Observatory - Germany";www.deims.org;9f9ba137-342d-4813-ae58-a60911c3abc1;"POINT (9.269139 50.267302)";2021-11-23;elter_count
"Rimov reservoir - Czechia";www.deims.org;ef2ae321-6e94-4170-9616-9a54f529643c;"POINT (14.4917 48.8328)";2021-11-23;elter_count
"River Bure - United Kingdom";www.deims.org;3b7e3af6-779c-4441-b9b6-94c06e7e197a;"POINT (1.35 52.7167)";2021-11-23;elter_count
"River Bush - United Kingdom";www.deims.org;427c0c96-2835-4538-be1a-4b2c484bf00d;"POINT (-6.51667 55.2)";2021-11-23;elter_count
"River Coln - United Kingdom";www.deims.org;7acc389f-6262-417f-bd45-d38810d45ff5;"POINT (-1.82532846 51.75465393)";2021-11-23;elter_count
"River Coquet - United Kingdom";www.deims.org;e6cdc394-033f-481b-815f-b0b95d3e43c1;"POINT (-1.63333 55.3333)";2021-11-23;elter_count
"River Cree - United Kingdom";www.deims.org;f31c8242-7355-4d50-aee3-276fb7c1381d;"POINT (-4.46667 54.95)";2021-11-23;elter_count
"River Eden (Cumbria) - United Kingdom";www.deims.org;237d419d-ae65-4132-a07b-83727e52c751;"POINT (-2.6 54.6333)";2021-11-23;elter_count
"River Eden (Fife) - United Kingdom";www.deims.org;2bea9b9a-fcd5-4890-971c-99717be1175e;"POINT (-2.93333 56.3167)";2021-11-23;elter_count
"River Eden (Kent) - United Kingdom";www.deims.org;ddfc3f5e-8f0c-45eb-81f1-e75f5a9a693f;"POINT (0.16667 51.1667)";2021-11-23;elter_count
"River Esk - United Kingdom";www.deims.org;0ce75f99-bd31-4188-b646-b89d23aea4f0;"POINT (-0.61667 54.4667)";2021-11-23;elter_count
"River Ewe - United Kingdom";www.deims.org;92053541-f60e-456d-88f6-39e5bd50615f;"POINT (-5.6 57.75)";2021-11-23;elter_count
"River Exe - United Kingdom";www.deims.org;b8e9402a-10bc-4892-b03d-1e85fc925c99;"POINT (-3.5 50.8)";2021-11-23;elter_count
"River Faughan - United Kingdom";www.deims.org;6c1649ab-476b-40f9-a8fe-28e8bba3b15f;"POINT (-7.03333 54.8333)";2021-11-23;elter_count
"River Frome - United Kingdom";www.deims.org;b623d509-112f-4166-8f2d-12d77d6be2c2;"POINT (-2.15 50.6667)";2021-11-23;elter_count
"River Garvary - United Kingdom";www.deims.org;48752f7d-1553-4815-8784-67f90585b69d;"POINT (-7.96667 54.5)";2021-11-23;elter_count
"River Lambourn - United Kingdom";www.deims.org;1f9511d8-d7da-4fe4-be32-4ceae9e9660e;"POINT (-1.35 51.4167)";2021-11-23;elter_count
"River Lathkill - United Kingdom";www.deims.org;d3cf4bce-5245-4786-935a-3862fe8b2b11;"POINT (-1.66667 53.1667)";2021-11-23;elter_count
"River Salaca - Latvia";www.deims.org;81a2b50d-76ea-426b-8e5b-0560dc07ee57;"POINT (24.3333 57.8)";2021-11-23;elter_count
"River Spey at Fochabers - United Kingdom";www.deims.org;ba32773a-3ea9-425a-bfb5-5f2c7f49cbd2;"POINT (-3.1 57.6167)";2021-11-23;elter_count
"River Stinchar - United Kingdom";www.deims.org;31d91695-2f60-4cc4-aa75-efa5d520423d;"POINT (-5 55.0833)";2021-11-23;elter_count
"River Tweed - United Kingdom";www.deims.org;895b290c-9e0c-43de-a2e6-508104a0f2e6;"POINT (-2.78107047 55.60309219)";2021-11-23;elter_count
"River Wye - United Kingdom";www.deims.org;8621ae64-cacb-4aeb-a32c-848b98141075;"POINT (-2.66667 51.7833)";2021-11-23;elter_count
"Röbäcksdalen Field Research Station - Sweden";www.deims.org;7e2e2f68-989c-4e0a-8443-315ea48aac7f;"POINT (20.2417 63.8106)";2021-11-23;elter_count
"Rodna Mountains alpine zone - Romania";www.deims.org;b6698523-3869-48d4-b6f5-34cd7be67fb8;"POINT (24.635922 47.585075)";2021-11-23;elter_count
"Rodnei Calimani - Romania";www.deims.org;9350a1d0-a835-408f-a96c-7454e24368f5;"POINT (24.9558 47.3217)";2021-11-23;elter_count
"Rofental - Austria";www.deims.org;02ee24e5-d25e-4aa6-b6a2-9d08a12992df;"POINT (10.8314 46.8336)";2021-11-23;elter_count
"Rothamsted - United Kingdom";www.deims.org;cb340d4c-e6e5-465a-b0cb-d6c613fa5541;"POINT (-0.372 51.804)";2021-11-23;elter_count
"Rottenhaus / Grabenegg - Austria";www.deims.org;a77445b9-6675-4ee1-b3a9-c0722996ef61;"POINT (15.2211 48.1295)";2021-11-23;elter_count
"Roztoczanski National Park - Poland";www.deims.org;30b9e1e0-d612-4533-90d1-750bc5ca7feb;"POINT (22.9925 50.5745)";2021-11-23;elter_count
"Ruette - Belgium";www.deims.org;06e97a1e-2eb7-4ab1-8cc9-321aebf125d2;"POINT (5.575 49.530556)";2021-12-03;elter_count
"Sacca di Goro - Italy";www.deims.org;b7869194-b220-473a-b035-feeadfa21aba;"POINT (12.31853 44.81409)";2021-12-15;elter_count
"Saldur river - Italy";www.deims.org;7f479263-8f0b-447e-a33d-e08723c86184;"POINT (10.6476 46.7118)";2021-11-23;elter_count
"Saldur River Catchment - Italy";www.deims.org;97ff6180-e5d1-45f2-a559-8a7872eb26b1;"POINT (10.6157 46.6928)";2021-12-15;elter_count
"Salmopol - Poland";www.deims.org;ffdea94e-8148-4adf-8f64-c2d2289f242f;"POINT (18.9664 49.663)";2021-12-03;elter_count
"Schaenis - Switzerland";www.deims.org;049de4d9-d7db-4b2c-ace5-de8873f5d277;"POINT (9.0670726 47.1650464)";2022-04-05;elter_count
"Scheldt Estuary and its alluvial plains - Belgium";www.deims.org;f64f5541-c6a5-45ff-a996-bb4e799d6736;"POINT (4.248877 51.115283)";2022-04-25;elter_count
"Schorfheide-Chorin - Germany";www.deims.org;94c53dd1-acad-4ad8-a73b-62669ec7af2a;"POINT (13.8 52.8333)";2021-11-23;elter_count
"Scoat Tarn - United Kingdom";www.deims.org;790d6278-7631-4597-8cb1-8862e5e9d212;"POINT (-3.2995758 54.48197174)";2021-11-23;elter_count
"Shagririm (SGM), LTSER Northern Negev - Israel";www.deims.org;c8fa7e22-d940-49c1-9262-a5cdaa344616;"POINT (34.8 31.4167)";2021-11-23;elter_count
"Shita Wadi - Israel";www.deims.org;ad322d97-0fa5-45fd-92e9-2b8ab662175f;"POINT (35.127448549366 30.138002596392)";2021-11-23;elter_count
"Sierra Nevada / Granada (ES- SNE) - Spain";www.deims.org;e51cee43-dc12-4545-8e5b-dad35431e3f7;"POINT (-3.18748 37.0855)";2021-11-23;elter_count
"Sikfokut LTER - Hungary";www.deims.org;632895f6-b954-4fd9-90bb-b427b22585ac;"POINT (20.446181 47.927118)";2021-11-23;elter_count
"Siljansfors Experimental Forest - Sweden";www.deims.org;731d6178-0dae-429b-81f0-19b6dbeae22a;"POINT (14.3764 60.8906)";2021-11-23;elter_count
"Simon Stevin Research Vessel - Belgium";www.deims.org;64428d5d-9c8c-4f9a-9d55-e866c80ca342;"POINT (2.704444 51.464833)";2021-11-23;elter_sub
"Škocjan Caves - Slovenia";www.deims.org;4d5e8006-f211-467e-b942-8626576a0e0f;"POINT (13.99004 45.66621)";2021-11-23;elter_count
"Skogaryd Research Catchment - Sweden";www.deims.org;13f080f9-4831-4807-91da-bbfecb09a4f2;"POINT (12.1502 58.3641)";2021-11-23;elter_count
"Skuterud - Norway";www.deims.org;1f3db1e9-f474-4715-9547-a99b68a8976e;"POINT (10.83 59.68)";2021-11-23;elter_count
"Slapy reservoir - Czechia";www.deims.org;3a196242-ec1d-48fa-97f3-81fe6168a71f;"POINT (14.4139 49.7661)";2021-11-23;elter_count
"Slowiński National Park - Poland";www.deims.org;588940f5-ce9f-4248-82bb-c9ce1c39ec31;"POINT (17.4669 54.6956)";2021-11-23;elter_count
"Sokolov post-mining ecosystems - Czechia";www.deims.org;78f26175-6d17-4b5d-b38b-f0a0bac09477;"POINT (12 50.1745)";2021-11-23;elter_count
"Solhomfjell - Norway";www.deims.org;7f0512f8-3174-4294-bf59-fbd46193bea3;"POINT (8.83333 58.95)";2021-11-23;elter_count
"Solhomfjell2 - Norway";www.deims.org;fc572f40-4bed-49c2-86a0-de6fbc97c27a;"POINT (8.96 58.96)";2021-11-23;elter_count
"Solling - Germany";www.deims.org;2d55b484-2a89-4023-be00-49829ab327f9;"POINT (9.56667 51.7667)";2021-11-23;elter_count
"Sonian Forest - Belgium";www.deims.org;0fa0d44f-5314-405f-a647-a7dda423031f;"POINT (4.4133 50.746)";2022-04-29;elter_count
"Sonnblick Observatory - Austria";www.deims.org;b2015216-ac0a-433f-8044-8ba8c46cc6c9;"POINT (12.9577 47.0541)";2021-11-23;elter_count
"Sourhope - United Kingdom";www.deims.org;125d4667-0fae-418d-88ff-7d9930809d12;"POINT (-2.21203446 55.48985291)";2022-07-18;elter_count
"South-Moravian floodplain forests - Czechia";www.deims.org;e742a1a7-61d2-4e65-8fef-2e809fd3963e;"POINT (16.9456 48.6669)";2021-11-23;elter_count
"Sozopol - Black Sea - Bulgaria";www.deims.org;04c70bae-b13c-4df5-bbdb-dc2be9e9d411;"POINT (27.696 42.4171)";2021-11-23;elter_count
"Spanish ICP-Forests Level II Plots Network (Plot code 05 Ps) - Spain";www.deims.org;6b5ea4b7-c31d-4418-9dd5-233188df1114;"POINT (-3.9714 40.8736)";2022-03-21;elter_sub
"Spanish ICP-Forests Level II Plots Network (Plot code 06 Qi) - Spain";www.deims.org;8f6ff47e-046b-468b-b4b9-472f5fd025d4;"POINT (0.0169 40.54)";2022-03-23;elter_sub
"Spanish ICP-Forests Level II Plots Network (Plot code 07Qi) - Spain";www.deims.org;f1f781c4-0745-4086-86ee-0bb122f59637;"POINT (-5.7931 39.9347)";2022-03-23;elter_sub
"Spanish ICP-Forests Level II Plots Network (Plot code 10 Ppa) - Spain";www.deims.org;52cc849a-2fd1-491d-a298-9bf3db884b88;"POINT (-6.7325 37.1553)";2022-03-23;elter_sub
"Spanish ICP-Forests Level II Plots Network (Plot code 102 Ppr) - Spain";www.deims.org;50374ba1-d524-4396-bd2f-a6270e7d9af8;"POINT (-8.71 42.7381)";2022-03-23;elter_sub
"Spanish ICP-Forests Level II Plots Network (Plot code 11 Qs) - Spain";www.deims.org;82a80c17-91b2-4e0d-8250-af97bcc20261;"POINT (-6.4433 40.1906)";2022-03-23;elter_sub
"Spanish ICP-Forests Level II Plots Network (Plot code 115 Fs) - Spain";www.deims.org;15184d11-901b-4f0d-8e9d-e3350109c4d5;"POINT (-1.3481 42.9998)";2022-03-23;elter_sub
"Spanish ICP-Forests Level II Plots Network (Plot code 22 Pn) - Spain";www.deims.org;ce3205f5-c3ed-4828-a279-ca0cccac5182;"POINT (-0.7289 40.3233)";2022-03-23;elter_sub
"Spanish ICP-Forests Level II Plots Network (Plot code 25 Ph) - Spain";www.deims.org;846d8978-bd67-43db-843e-c3568c40b088;"POINT (-0.6314 38.5197)";2022-03-23;elter_sub
"Spanish ICP-Forests Level II Plots Network (Plot code 26 Qi) - Spain";www.deims.org;101534e3-569e-43db-867c-6dd3689f6975;"POINT (-4.0789 38.1822)";2022-03-23;elter_sub
"Spanish ICP-Forests Level II Plots Network (Plot code 30 Ps) - Spain";www.deims.org;0534178f-c40e-4247-9e34-fd174c6709f8;"POINT (-2.8842 41.8686)";2022-03-23;elter_sub
"Spanish ICP-Forests Level II Plots Network (Plot code 33 Qpe) - Spain";www.deims.org;bce69205-cc4d-4428-be30-c47274eee024;"POINT (-4.5575 42.8664)";2022-03-23;elter_sub
"Spanish ICP-Forests Level II Plots Network (Plot code 37 Ppr) - Spain";www.deims.org;edc104bd-a710-42dc-902e-2f8401004d95;"POINT (-4.2892 41.3536)";2022-03-23;elter_sub
"Spanish ICP-Forests Level II Plots Network (Plot code 54 Ph) - Spain";www.deims.org;0584f4b7-7f16-4cb7-be15-6c906ea4a6d9;"POINT (-0.3192 39.3467)";2022-03-23;elter_sub
"Srebarna - Bulgaria";www.deims.org;bc7e400a-ad18-4aeb-b11e-846362983a04;"POINT (27.064 44.0945)";2021-11-23;elter_count
"Station Linné (LTER), Öland - Sweden";www.deims.org;8e20a701-1128-4225-9b22-ea145b091d91;"POINT (16.498 56.619)";2021-11-23;elter_count
"Stefanesti-oak - Romania";www.deims.org;5311dc45-04db-4358-b5fa-9ba59c044e61;"POINT (26.1775 44.510833)";2021-12-03;elter_count
"Stillberg - Switzerland";www.deims.org;669bef3e-2baf-4268-b4a7-20dab3f58ed3;"POINT (9.87 46.77)";2022-04-05;elter_count
"Stubai (combination of Neustift meadows and Kaserstattalm) - Austria";www.deims.org;324f92a3-5940-4790-9738-5aa21992511c;"POINT (11.3 47.1167)";2021-11-23;elter_count
"Šumava mires - Czechia";www.deims.org;86f772ca-7da6-4269-9580-cce28eead36c;"POINT (13.4404717 49.0219208)";2021-11-23;elter_count
"Sumava natural forests - Czechia";www.deims.org;b6712df0-d8c8-43d9-9082-eab970cb64cf;"POINT (13.8253 48.9325)";2021-11-23;elter_count
"Sunčani salaš - Serbia";www.deims.org;5f5c850d-0036-49ac-97be-f9b314898607;"POINT (19.700375 46.17151)";2022-05-07;elter_count
"Svartberget Research Station - Sweden";www.deims.org;c0705d0f-92c1-4964-a345-38c0be3113e1;"POINT (19.766378 64.244376)";2021-11-23;elter_count
"Tara - Serbia";www.deims.org;31f51481-40c9-4047-9043-79fae33ec9a8;"POINT (19.4197 43.9183)";2021-11-23;elter_count
"Tarfala Research Station - Sweden";www.deims.org;332a99af-8c02-4ce8-8f2b-70d17aaacf0a;"POINT (18.6097 67.9115)";2021-11-23;elter_count
"Tarvisio FRI2 - Italy";www.deims.org;5907d0b6-7b4d-4260-a669-4bc0f61d1696;"POINT (13.5933 46.4894)";2021-12-15;elter_count
"Tatra National Park - Slovakia";www.deims.org;f7b73d7c-068f-4406-b4e8-13e5c6e212b9;"POINT (20.1692 49.1442)";2021-11-23;elter_count
"Tatras - alpine summits - Slovakia";www.deims.org;013642b8-ff75-4abd-a3de-63cc93b4b21f;"POINT (19.9894 49.1733)";2021-11-23;elter_count
"Tatrzanski National Park - Poland";www.deims.org;017a10e1-a31a-4a0a-b714-3e8ac3cd60de;"POINT (19.9859 49.2684)";2021-11-23;elter_count
"Tellin - Belgium";www.deims.org;b2c68241-ba08-48df-809a-c6aa15af85b1;"POINT (5.221667 50.053889)";2021-12-03;elter_count
"Tenuta di Castelporziano - Italy";www.deims.org;0d2269d3-5423-4939-a30d-077c8bc38b03;"POINT (12.4 41.745)";2021-12-15;elter_count
"TERENO - Bad Lauchstaedt - Germany";www.deims.org;102ae489-04e3-481d-97df-45905837dc1a;"POINT (11.8787 51.3919)";2021-11-23;elter_sub
"TERENO - Bode catchment - Germany";www.deims.org;5400ea90-5cb5-4b30-a98d-c8025ae61154;"POINT (11.2585 51.8617)";2021-12-01;elter_sub
"TERENO - Friedeburg - Germany";www.deims.org;a4dc71c4-de05-4883-ae53-7f57d51555fc;"POINT (11.7158 51.6197)";2021-12-01;elter_sub
"TERENO - Gimritz - Germany";www.deims.org;f5493145-a658-4004-b8ef-6942fcdda5f5;"POINT (11.8487 51.5613)";2021-12-01;elter_sub
"TERENO - Greifenhagen - Germany";www.deims.org;6d59c59d-bf96-4764-8a2d-d3feb77088a7;"POINT (11.4409 51.6333)";2021-12-01;elter_sub
"TERENO - Harsleben - Germany";www.deims.org;c945abe4-3d40-46d1-b5d0-33127c35c6ab;"POINT (11.074772 51.843905)";2021-12-01;elter_sub
"TERENO - Rollesbroich - Germany";www.deims.org;356417de-5a3c-429d-82c1-08a4e924ab3b;"POINT (6.3 50.62)";2021-11-23;elter_sub
"TERENO - Schafstaedt - Germany";www.deims.org;68ef735c-bd72-4400-ab15-0c3c3a8a37ee;"POINT (11.7305 51.3767)";2021-12-01;elter_sub
"TERENO - Selhausen - Germany";www.deims.org;0a006b69-5134-4c0a-864c-f86c0c61288f;"POINT (6.4473888 50.8658839)";2021-11-23;elter_sub
"TERENO - Siptenfelde - Germany";www.deims.org;1f66bede-0ecf-4529-9fd5-b09e96b363f0;"POINT (11.0473 51.6502)";2021-12-01;elter_sub
"TERENO - Wanzleben - Germany";www.deims.org;9b85ef18-d41b-48ca-87e8-6e0735406a60;"POINT (11.4528 52.0766)";2021-12-01;elter_sub
"TERENO - Wüstebach - Germany";www.deims.org;9fe5a5d1-ccc0-41ab-b555-5ca44da24cd8;"POINT (6.43333 50.5833)";2022-03-08;elter_sub
"TERENO Eifel Lower Rhine Valley - Germany";www.deims.org;fd8b85c0-93ef-4a41-8706-3c4be9dec8e5;"POINT (6.31 50.84)";2021-11-23;elter_count
"TERENO Harz/Central German Lowland LTER - Germany";www.deims.org;d6ce4453-17a8-49d8-9c02-caae8b6629a6;"POINT (11.3394 51.7295)";2022-03-08;elter_count
"The Arid Iberian South East LTSER Platform - Spain";www.deims.org;889b159a-8b58-4685-9418-73ee70388799;"POINT (-2.2871 37.0848)";2021-11-23;elter_count
"The City of Lodz LTSER - Poland";www.deims.org;6c81a46f-a830-4bc1-8ccd-a0f023583ec7;"POINT (19.459 51.77)";2021-11-23;elter_count
"The Sulejow Reservoir LTER - Poland";www.deims.org;8b9d04ca-0798-4f7f-91cd-82c91f881c8e;"POINT (19.923611 51.433333)";2022-03-21;elter_sub
"The UNESCO/UNEP the Pilica River Demonstration Site - Poland";www.deims.org;8c19445a-ed76-43b8-acfb-4cc18e3fd8b3;"POINT (19.8847 51.3528)";2021-11-23;elter_count
"Thermophilous forests - Czechia";www.deims.org;cab52f2d-2626-41b3-868c-e64aaaa11e91;"POINT (16.65 48.8667)";2022-01-31;elter_count
"Time - Norway";www.deims.org;ab18c648-7be6-4fb7-8f0e-6f76be769244;"POINT (5.68 58.73)";2021-11-23;elter_count
"Tönnersjöheden and Skarhult experimental forests (LTER) - Sweden";www.deims.org;ac383c6d-4caa-481b-af71-bf040255ec1f;"POINT (13.1142 56.7166)";2021-11-23;elter_count
"Torgnon grassland Tellinod (IT19 Aosta Valley) - Italy";www.deims.org;a03ef869-aa6f-49cf-8e86-f791ee482ca9;"POINT (7.58 45.84)";2021-12-15;elter_count
"Torgnon Larch forest Tronchaney (IT19 Aosta Valley) - Italy";www.deims.org;4312983f-c36a-4b46-b10a-a9dea2172849;"POINT (7.56 45.83)";2021-12-15;elter_count
"Transetto Senigallia-Susak - Italy";www.deims.org;be8971c2-c708-4d6e-a4c7-f49fcf1623c1;"POINT (13.2 43.7)";2022-01-31;elter_count
"Tratice - Slovenia";www.deims.org;bbe12f63-af77-4b1a-88dd-a0b156323084;"POINT (15.399272 46.458465)";2021-12-03;elter_count
"Třeboň wet meadows - Czechia";www.deims.org;13359776-ca92-4667-a2ba-587edbefce3e;"POINT (14.7703 49.0247)";2021-11-23;elter_count
"Trnava LTSER - Slovakia";www.deims.org;fabf28c6-8fa1-4a81-aaed-ab985cbc4906;"POINT (17.57913 48.376203)";2021-11-23;elter_count
"Trout Beck - United Kingdom";www.deims.org;d767988a-34ab-4051-ac72-fe7204ffbe6f;"POINT (-2.37698721 54.69596863)";2022-07-18;elter_count
"Upton Broad - United Kingdom";www.deims.org;4d1122a3-4f61-418c-b6de-6f95bba32fba;"POINT (1.51667 52.65)";2021-11-23;elter_count
"Val Masino LOM1 - Italy";www.deims.org;68a5673c-9172-48cc-88e5-b9408b203309;"POINT (9.59829 46.242147)";2021-12-15;elter_count
"Valbona - Italy";www.deims.org;2b587e26-4550-4841-a032-ab3c93ced8a0;"POINT (11.761 46.286)";2021-12-15;elter_count
"Valley of the Zwarte Beek (upper course) - Belgium";www.deims.org;bc85fae0-b54b-4abe-87cf-02a4b0c4a3f2;"POINT (5.33333333 51.1)";2021-11-23;elter_count
"Valli di Comacchio - Italy";www.deims.org;70e1bc05-a03d-40fc-993d-0c61e524b177;"POINT (12.16983 44.60741)";2021-12-15;elter_count
"Var-hegy Forest Reserve Site, Sikfokut LTER - Hungary";www.deims.org;81a810d3-b94a-40f3-8862-d5ec13ca5bf9;"POINT (20.4389 47.9594)";2021-11-23;elter_sub
"Värriö Research Station (Värriö LTER) - Finland";www.deims.org;b471311f-e819-4f6f-bbae-1ac86cd9777f;"POINT (29.61089159389 67.7483261822)";2022-06-07;elter_count
"Vasshaglona - Norway";www.deims.org;87fff862-68a5-4b79-962d-65c81295ff21;"POINT (8.46 58.34)";2021-11-23;elter_count
"Velika Morava - Serbia";www.deims.org;5bc9428a-46e2-48c3-beb5-aec13d06f0fe;"POINT (21.3936 43.7547)";2021-11-23;elter_count
"Vestskoven - Denmark";www.deims.org;c9736cb4-7276-48db-86e4-23cf8dcba6bf;"POINT (12.36 55.69)";2021-12-02;elter_count
"Vielsalm Terrestrial Observatory - Belgium";www.deims.org;c4c1c0ca-5a43-4d19-ab50-34dad0af44e8;"POINT (5.998052 50.305068)";2021-11-23;elter_count
"Vindelfjällens Research Station (Vindelfjällens forskningsstation) - Sweden";www.deims.org;77a7d110-e43a-4b73-beb9-0a387e487550;"POINT (16.2087 65.9586)";2021-11-23;elter_count
"Visp - Switzerland";www.deims.org;f5f1ceef-2fda-40a0-8e00-4ed9ea002f0f;"POINT (7.8583245 46.2968789)";2022-04-05;elter_count
"VLIZ Marine Observatory - Belgium";www.deims.org;7c1cb7b8-8635-4d9c-8cb3-61559c8a66bc;"POINT (2.704444 51.464833)";2021-11-23;elter_sub
"VLIZ Thornton Buoy - Belgium";www.deims.org;177ff4a8-9481-495e-a55a-ec7d32bf6e30;"POINT (2.9955 51.58)";2021-11-23;elter_sub
"Volbu - Norway";www.deims.org;a7e1e6e2-6275-4cb6-855e-f2f7aa79cfa1;"POINT (9.06 61.12)";2021-11-23;elter_count
"Vordemwald - Switzerland";www.deims.org;064c3ef6-5aa5-4c91-bfb5-e3e07fa17059;"POINT (7.8867633 47.2740627)";2022-04-05;elter_count
"VULCAN Kiskunsag, KISKUN LTER - Hungary";www.deims.org;3017d91e-8117-4b0a-bba7-de93d739ef5e;"POINT (19.415 46.8644)";2021-11-23;elter_sub
"Wanang, Papua New Guinea - Papua New Guinea";www.deims.org;96021fe4-a2ca-4007-a281-0ed2075b78d6;"POINT (145.215 -5.1715)";2021-11-23;elter_count
"Waroneu - Belgium";www.deims.org;eb9a51f2-bed4-4c6a-8269-49b180708e2a;"POINT (6.0124 50.57122)";2021-11-23;elter_count
"WasserCluster Lunz - Austria";www.deims.org;85773d69-f94a-4305-a56f-67b6891a0a73;"POINT (15.0528 47.8528)";2021-11-23;elter_count
"WegenerNet Feldbach Region - Austria";www.deims.org;177d5587-6892-4cad-9609-e917b9578ed6;"POINT (15.9 46.93)";2021-11-26;elter_count
"Weitra (WEI) - Austria";www.deims.org;9d008e2a-5b49-4ffe-b73a-87da4ab8ee31;"POINT (14.7333 48.6667)";2021-11-23;elter_count
"West Polesie Biosphere Reserve - Poland";www.deims.org;0d769440-a36d-424b-8b32-1ae19812d72c;"POINT (22.415 51.5083)";2021-11-23;elter_count
"Western Gulf of Finland LTER site WelFin - Finland";www.deims.org;c763fa3d-ca06-4d88-8c59-9d56cb70f4f2;"POINT (23.249023 59.844446)";2021-11-23;elter_count
"Whim Bog - United Kingdom";www.deims.org;c80eaaac-411f-4e8f-a2c8-5ee7797576db;"POINT (-3.26667 55.7667)";2021-11-23;elter_count
"Wielkopolski National Park - Poland";www.deims.org;67175d5b-6a90-4a09-bb7d-766162a3ca66;"POINT (16.7931 52.2556)";2021-11-23;elter_count
"Wilderness Area Dürrenstein - Austria";www.deims.org;5578e8f9-0f3d-4210-9ace-660c33f837f5;"POINT (15.0833 47.7)";2021-11-23;elter_count
"Willerzie - Belgium";www.deims.org;de287b65-5e6c-46ce-87da-ce0c14651fe1;"POINT (4.832778 49.957778)";2021-12-03;elter_count
"Windermere - United Kingdom";www.deims.org;2b4ed6fa-ce83-4a75-af65-2cfa497ff5ba;"POINT (-2.95 54.3833)";2021-11-23;elter_count
"Wroxham Broad - United Kingdom";www.deims.org;1803f937-7e3c-40e0-9b37-582b42793fec;"POINT (1.4 52.6833)";2021-11-23;elter_count
"Wytham - United Kingdom";www.deims.org;16dcd0c3-a114-412c-9f01-8c1af292ba69;"POINT (-1.3333 51.7667)";2022-07-18;elter_count
"Yatir (YTR), LTSER Northern Negev - Israel";www.deims.org;bf2cb8dd-0d38-419b-aa9c-7d53337bd98e;"POINT (35.052 31.34486)";2021-11-23;elter_count
"Yr Wyddfa/Snowdon - United Kingdom";www.deims.org;8b5da977-eed8-459f-b663-f3835aa0b356;"POINT (-4.03333 53.0667)";2022-07-18;elter_count
"Yundola - Bulgaria";www.deims.org;06ac231a-71e6-45a5-a15b-7c17875303e8;"POINT (23.8545 42.0649)";2021-11-23;elter_count
"Zemaitija Integrated Monitoring Station: LTER_EU_LT_006 - Lithuania";www.deims.org;f215361c-4fce-4cd3-90a8-bae85d96938a;"POINT (21.52 56)";2021-12-15;elter_count
"Zofin natural forests - Czechia";www.deims.org;8808a392-5f31-4760-8faf-a6a7bac80f73;"POINT (14.7067 48.6664)";2021-11-23;elter_count